CALL_PHONE,INTERNET,ACCESS_COARSE_LOCATION,ACCESS_FINE_LOCATION,READ_CONTACTS,REGISTER,READ_EXTERNAL_STORAGE,WRITE_EXTERNAL_STORAGE,READ_CALENDAR,WRITE_CALENDAR,WAKE_LOCK,CAMERA,BIND_GET_INSTALL_REFERRER_SERVICE,BILLING
WRITE_EXTERNAL_STORAGE,READ_EXTERNAL_STORAGE,ACCESS_FINE_LOCATION,INTERNET,CAMERA,READ_PHONE_STATE,WRITE_USE_APP_FEATURE_SURVEY,READ_GSERVICES,WAKE_LOCK,BIND_GET_INSTALL_REFERRER_SERVICE,UA_DATA,RECEIVE_ADM_MESSAGE,REQUEST_INSTALL_PACKAGES
INTERNET,READ_CALENDAR,WRITE_CALENDAR,CALL_PHONE,WAKE_LOCK,BLUETOOTH,SYSTEM_ALERT_WINDOW,READ_PHONE_STATE,CAMERA,WRITE_SYNC_SETTINGS,AUTHENTICATE_ACCOUNTS,BLUETOOTH_ADMIN,ACCESS_COARSE_LOCATION,ACCESS_FINE_LOCATION,BIND_GET_INSTALL_REFERRER_SERVICE,RECORD_AUDIO,MODIFY_AUDIO_SETTINGS
INTERNET,CAMERA,MODIFY_AUDIO_SETTINGS,RECORD_AUDIO,WAKE_LOCK,READ_EXTERNAL_STORAGE,WRITE_EXTERNAL_STORAGE,CHECK_LICENSE,READ,WRITE,READ_SETTINGS,UPDATE_SHORTCUT,BROADCAST_BADGE,PROVIDER_INSERT_BADGE,UPDATE_COUNT,UPDATE_BADGE,CHANGE_BADGE,READ_SETTINGS,WRITE_SETTINGS
READ_EXTERNAL_STORAGE,WRITE_EXTERNAL_STORAGE,USE_CREDENTIALS,READ_PHONE_STATE,INTERNET,ACCESS_COARSE_LOCATION,WAKE_LOCK,BIND_GET_INSTALL_REFERRER_SERVICE
UA_DATA,WRITE_EXTERNAL_STORAGE,READ_EXTERNAL_STORAGE,READ_CONTACTS,CAMERA,INTERNET,WAKE_LOCK,SYSTEM_ALERT_WINDOW,BILLING,ACCESS_COARSE_LOCATION,ACCESS_FINE_LOCATION,RECORD_AUDIO,READ_GSERVICES,ACTIVITY_RECOGNITION,MODIFY_AUDIO_SETTINGS
INTERNET,CHANGE_NETWORK_STATE,READ_EXTERNAL_STORAGE,WRITE_EXTERNAL_STORAGE,CAMERA,MANAGE_ACCOUNTS,USE_CREDENTIALS,ACCESS_FINE_LOCATION,MODIFY_AUDIO_SETTINGS,RECORD_AUDIO,CALL_PHONE,BLUETOOTH,BLUETOOTH_ADMIN,ACCESS_COARSE_LOCATION,ACCESS_DOWNLOAD_MANAGER,DOWNLOAD_WITHOUT_NOTIFICATION,teams,SYSTEM_ALERT_WINDOW,READ_CONTACTS,REQUEST_INSTALL_PACKAGES,WAKE_LOCK,ACTIVITY_RECOGNITION,READ,WRITE,READ_SETTINGS,UPDATE_SHORTCUT,BROADCAST_BADGE,PROVIDER_INSERT_BADGE,UPDATE_COUNT,UPDATE_BADGE,CHANGE_BADGE,READ_SETTINGS,WRITE_SETTINGS,READ_APP_BADGE,READ_SETTINGS,WRITE_SETTINGS,BADGE_COUNT_READ,BADGE_COUNT_WRITE
INTERNET,READ_GSERVICES,WAKE_LOCK,ACCESS_ALL_DOWNLOADS,USE_CREDENTIALS,READ_EXTERNAL_STORAGE,WRITE_EXTERNAL_STORAGE,BIND_GET_INSTALL_REFERRER_SERVICE
INTERNET,CHANGE_NETWORK_STATE,LOCATION,ACCESS_COARSE_LOCATION,ACCESS_FINE_LOCATION,READ_GSERVICES,AUTHENTICATE_ACCOUNTS,MANAGE_ACCOUNTS,READ_CONTACTS,WRITE_CONTACTS,WRITE_EXTERNAL_STORAGE,MAPS_RECEIVE,CAMERA,READ_PHONE_STATE,READ_EXTERNAL_STORAGE,WAKE_LOCK,BIND_GET_INSTALL_REFERRER_SERVICE
ACCESS_COARSE_LOCATION,WRITE_EXTERNAL_STORAGE,CAMERA,INTERNET,BILLING,WAKE_LOCK
BILLING,INTERNET,READ_CONTACTS,CAMERA,WRITE_EXTERNAL_STORAGE,BIND_GET_INSTALL_REFERRER_SERVICE,WAKE_LOCK,READ_EXTERNAL_STORAGE
ACCESS_GPS,ACCESS_ASSISTED_GPS,ACCESS_LOCATION,ACCESS_FINE_LOCATION,ACCESS_COARSE_LOCATION,NFC,READ_PHONE_STATE,BLUETOOTH,INTERNET,WRITE_CONTACTS,READ_CONTACTS,WRITE_SYNC_SETTINGS,CAMERA,READ_EXTERNAL_STORAGE,WAKE_LOCK,READ,WRITE,READ_SETTINGS,UPDATE_SHORTCUT,BROADCAST_BADGE,PROVIDER_INSERT_BADGE,UPDATE_COUNT,UPDATE_BADGE,CHANGE_BADGE,READ_SETTINGS,WRITE_SETTINGS,READ_APP_BADGE,BIND_GET_INSTALL_REFERRER_SERVICE
INTERNET,READ_GSERVICES,WRITE_EXTERNAL_STORAGE,ACCESS_COARSE_LOCATION,ACCESS_FINE_LOCATION,READ_PHONE_STATE,WAKE_LOCK,BIND_GET_INSTALL_REFERRER_SERVICE
INTERNET,CAMERA,WAKE_LOCK,BIND_GET_INSTALL_REFERRER_SERVICE
INTERNET,CAMERA,WRITE_EXTERNAL_STORAGE,READ_EXTERNAL_STORAGE,READ_CONTACTS,WAKE_LOCK,CHECK_LICENSE,BIND_GET_INSTALL_REFERRER_SERVICE
INTERNET,WRITE_EXTERNAL_STORAGE,ACCESS_COARSE_LOCATION,ACCESS_FINE_LOCATION,CAMERA,WAKE_LOCK
READ_GSERVICES,WRITE_EXTERNAL_STORAGE,INTERNET,ACCESS_FINE_LOCATION,ACCESS_COARSE_LOCATION,CAMERA,USE_CREDENTIALS,WAKE_LOCK,READ_CONTACTS
SYSTEM_ALERT_WINDOW,GOOGLE_PHOTOS,INTERNET,READ_CONTACTS,READ_PHONE_STATE,WRITE_EXTERNAL_STORAGE,CALL_PHONE,CAMERA,ACCESS_COARSE_LOCATION,ACCESS_FINE_LOCATION,READ_EXTERNAL_STORAGE,BIND_GET_INSTALL_REFERRER_SERVICE,WAKE_LOCK
INTERNET,CALL_PHONE,READ_PHONE_STATE,WRITE_EXTERNAL_STORAGE,WAKE_LOCK,READ_CALENDAR,RECORD_AUDIO,MODIFY_AUDIO_SETTINGS,BLUETOOTH,BIND_GET_INSTALL_REFERRER_SERVICE
INTERNET,ACCESS_FINE_LOCATION,CAMERA,READ_CONTACTS,READ_CALENDAR,WRITE_CALENDAR,WAKE_LOCK,BIND_GET_INSTALL_REFERRER_SERVICE
ACCESS_COARSE_LOCATION,ACCESS_FINE_LOCATION,CAMERA,INTERNET,MODIFY_AUDIO_SETTINGS,READ_CONTACTS,READ_PHONE_STATE,READ_LOGS,RECORD_AUDIO,WRITE_EXTERNAL_STORAGE,WRITE_INTERNAL_STORAGE,BLUETOOTH,BLUETOOTH_ADMIN,GET_TASKS,WAKE_LOCK,NFC,READ_EXTERNAL_STORAGE,FIDO_CLIENT,READ_GSERVICES,BIND_GET_INSTALL_REFERRER_SERVICE
INTERNET,READ_LOGS,WRITE_EXTERNAL_STORAGE,READ_EXTERNAL_STORAGE,ACCESS_FINE_LOCATION,CAMERA,ACCESS_COARSE_LOCATION,READ_INTERNAL_STORAGE,WAKE_LOCK
INTERNET,WRITE_EXTERNAL_STORAGE,CHANGE_WIFI_STATE,CHANGE_NETWORK_STATE,CHANGE_WIFI_MULTICAST_STATE,AUTHENTICATE_ACCOUNTS,MANAGE_ACCOUNTS,READ_PHONE_STATE,CALL_PHONE,MODIFY_AUDIO_SETTINGS,RECORD_AUDIO,WAKE_LOCK,BLUETOOTH,CAMERA,READ_CONTACTS,WRITE_CONTACTS,WRITE_SYNC_SETTINGS,READ_LOGS,GET_TASKS,READ_CALENDAR,USE_CREDENTIALS,BIND_GET_INSTALL_REFERRER_SERVICE,READ_EXTERNAL_STORAGE
AUTHENTICATE_ACCOUNTS,MANAGE_ACCOUNTS,USE_CREDENTIALS,READ_GSERVICES,INTERNET,MODIFY_AUDIO_SETTINGS,WAKE_LOCK,RECORD_AUDIO,CAMERA,BLUETOOTH,CALL_PHONE
ACTIVITY_RECOGNITION,ACCESS_COARSE_LOCATION,ACCESS_FINE_LOCATION,BILLING,INTERNET,WAKE_LOCK,BIND_GET_INSTALL_REFERRER_SERVICE
INTERNET,ACCESS_COARSE_LOCATION,ACCESS_FINE_LOCATION,CAMERA,WRITE_EXTERNAL_STORAGE,CHECK_LICENSE,BIND_GET_INSTALL_REFERRER_SERVICE,READ,WRITE,READ_SETTINGS,UPDATE_SHORTCUT,BROADCAST_BADGE,UPDATE_COUNT,UPDATE_BADGE,READ_GSERVICES
CHANGE_WIFI_MULTICAST_STATE,CHANGE_WIFI_STATE,CHANGE_NETWORK_STATE,ACCESS_COARSE_LOCATION,ACCESS_FINE_LOCATION,INTERNET,WRITE_EXTERNAL_STORAGE,READ_EXTERNAL_STORAGE,WAKE_LOCK,RECORD_AUDIO,CAMERA
CAMERA,INTERNET,WAKE_LOCK,READ_EXTERNAL_STORAGE,READ_GSERVICES
INTERNET,CAMERA,READ_EXTERNAL_STORAGE,SYSTEM_ALERT_WINDOW,READ_PHONE_STATE,ACCESS_COARSE_LOCATION,ACCESS_FINE_LOCATION,BLUETOOTH,WAKE_LOCK,BIND_GET_INSTALL_REFERRER_SERVICE
INTERNET,WRITE_EXTERNAL_STORAGE,WAKE_LOCK,BIND_GET_INSTALL_REFERRER_SERVICE
INTERNET,SYSTEM_ALERT_WINDOW,START_MQTT,START_AZURE,RECEIVE_MQTT_PUSH,SHOW_HEADS_UP_NOTIFICATION,USE_CREDENTIALS,MANAGE_ACCOUNTS,AUTHENTICATE_ACCOUNTS,AUTHENTICATE,RECV_USER_CHANGED,WAKE_LOCK,RECEIVE_AZURE_PUSH
RECORD_AUDIO,INTERNET,WRITE_EXTERNAL_STORAGE,CHANGE_WIFI_STATE,READ_PHONE_STATE,ACCESS,ACCESS,READ_CONTACTS,CALL_PHONE,FB_APP_COMMUNICATION,WAKE_LOCK,CAMERA,ACCESS_FINE_LOCATION,ACCESS_COARSE_LOCATION,READ_EXTERNAL_STORAGE,DOWNLOAD_WITHOUT_NOTIFICATION,REQUEST_INSTALL_PACKAGES,CROSS_PROCESS_BROADCAST_MANAGER,ACCESS,READ,WRITE,READ_SETTINGS,UPDATE_SHORTCUT,BROADCAST_BADGE,RECEIVE_ADM_MESSAGE
INTERNET,WAKE_LOCK,READ_EXTERNAL_STORAGE,WRITE_EXTERNAL_STORAGE,READ_CONTACTS,RECORD_AUDIO,MODIFY_AUDIO_SETTINGS,READ_PHONE_STATE,BLUETOOTH,REQUEST_INSTALL_PACKAGES,BIND_GET_INSTALL_REFERRER_SERVICE
INTERNET,ACCESS_FINE_LOCATION,READ_CONTACTS,READ_EXTERNAL_STORAGE,WRITE_EXTERNAL_STORAGE,CAMERA,WAKE_LOCK,RECORD_AUDIO,BIND_GET_INSTALL_REFERRER_SERVICE
INTERNET,BILLING,READ_CONTACTS,AUTHENTICATE_ACCOUNTS,USE_CREDENTIALS,MANAGE_ACCOUNTS,WRITE_EXTERNAL_STORAGE,ACCESS_FINE_LOCATION,SYSTEM_ALERT_WINDOW,READ_GSERVICES,WAKE_LOCK,BIND_GET_INSTALL_REFERRER_SERVICE
WAKE_LOCK,INTERNET,CALL_PHONE,READ_CONTACTS,READ_PHONE_STATE,READ_EXTERNAL_STORAGE,WRITE_EXTERNAL_STORAGE,MODIFY_AUDIO_SETTINGS,RECORD_AUDIO,CAMERA,GET_TASKS,REORDER_TASKS,BLUETOOTH,AUTHENTICATE_ACCOUNTS,MANAGE_ACCOUNTS,WRITE_SYNC_SETTINGS,SYSTEM_ALERT_WINDOW,MDM_LICENSE_INTERNAL,ENTERPRISE_DEVICE_ADMIN,MDM_REMOTE_CONTROL,MDM_PHONE_RESTRICTION,PROXY_CONFIG_PERMISSION,UI_BROADCAST,INTERNAL_BROADCAST,SIMPLE_MODE_BROWSER,READ_CALENDAR,ACCESS_COARSE_LOCATION,ACCESS_FINE_LOCATION,BIND_GET_INSTALL_REFERRER_SERVICE
WRITE_EXTERNAL_STORAGE,READ_EXTERNAL_STORAGE,CAMERA,INTERNET,BILLING,CHANGE_WIFI_STATE,USE_CREDENTIALS,MANAGE_ACCOUNTS,SYSTEM_UI_VISIBILITY_EXTENSION,WAKE_LOCK,BIND_GET_INSTALL_REFERRER_SERVICE
INTERNET,READ_CONTACTS,SYSTEM_ALERT_WINDOW,READ_EXTERNAL_STORAGE,CAMERA,WRITE_EXTERNAL_STORAGE,WAKE_LOCK,READ_PHONE_STATE,FIDO_CLIENT,BIND_GET_INSTALL_REFERRER_SERVICE
INTERNET,WAKE_LOCK,GET_TASKS,READ,WRITE,READ_SETTINGS,UPDATE_SHORTCUT,BROADCAST_BADGE,PROVIDER_INSERT_BADGE,UPDATE_COUNT,UPDATE_BADGE,CHANGE_BADGE,READ_SETTINGS,WRITE_SETTINGS,READ_APP_BADGE,READ_SETTINGS,WRITE_SETTINGS,BADGE_COUNT_READ,BADGE_COUNT_WRITE,BIND_GET_INSTALL_REFERRER_SERVICE,WRITE_EXTERNAL_STORAGE,READ_PHONE_STATE,READ_EXTERNAL_STORAGE
INTERNET,WRITE_EXTERNAL_STORAGE,WAKE_LOCK,BLUETOOTH,USE_CREDENTIALS,ACCESS_COARSE_LOCATION,ACCESS_FINE_LOCATION,READ_EXTERNAL_STORAGE,READ_GSERVICES,BIND_GET_INSTALL_REFERRER_SERVICE
INTERNET, INTERACT_ACROSS_USERS,CAMERA,READ_EXTERNAL_STORAGE,WRITE_EXTERNAL_STORAGE,SYSTEM_ALERT_WINDOW,BILLING,WAKE_LOCK,READ,WRITE,READ_SETTINGS,UPDATE_SHORTCUT,BROADCAST_BADGE,PROVIDER_INSERT_BADGE,UPDATE_COUNT,UPDATE_BADGE,CHANGE_BADGE,READ_SETTINGS,WRITE_SETTINGS,READ_APP_BADGE,READ_SETTINGS,WRITE_SETTINGS,BADGE_COUNT_READ,BADGE_COUNT_WRITE,BIND_GET_INSTALL_REFERRER_SERVICE
INTERNET,SYSTEM_ALERT_WINDOW,READ_EXTERNAL_STORAGE,CAMERA,ACCESS_COARSE_LOCATION,ACCESS_FINE_LOCATION,WRITE_EXTERNAL_STORAGE,WAKE_LOCK,BIND_GET_INSTALL_REFERRER_SERVICE
INTERNET,SUPPORT_PERMISSION,BIND_GET_INSTALL_REFERRER_SERVICE,CAMERA,AUTHENTICATE_ACCOUNTS,USE_CREDENTIALS,MANAGE_ACCOUNTS,SYSTEM_ALERT_WINDOW,WAKE_LOCK,KNOX_ENTERPRISE_DEVICE_ADMIN,KNOX_CERTIFICATE,KNOX_SECURITY,KNOX_CERT_PROVISIONING,ENTERPRISE_DEVICE_ADMIN,MDM_SECURITY,MDM_CERTIFICATE,READ_CONTACTS,READ_PHONE_STATE,READ_PROFILE,WRITE_EXTERNAL_STORAGE,READ_EXTERNAL_STORAGE
INTERNET,WAKE_LOCK,WRITE_EXTERNAL_STORAGE,READ_GSERVICES,BILLING,READ_CONTACTS,READ_PROFILE,ACCESS_COARSE_LOCATION,READ_EXTERNAL_STORAGE,CAMERA,ACCESS_FINE_LOCATION,BIND_GET_INSTALL_REFERRER_SERVICE
INTERNET,WRITE_CONTACTS,READ_CONTACTS,WRITE_CALENDAR,READ_CALENDAR,READ_EXTERNAL_STORAGE,BLUETOOTH,BLUETOOTH_ADMIN,READ_GSERVICES,CAMERA,WAKE_LOCK
CAMERA,INTERNET,RECORD_AUDIO,WAKE_LOCK,READ_GSERVICES,ACCESS_COARSE_LOCATION,ACCESS_FINE_LOCATION,WRITE_EXTERNAL_STORAGE
CAMERA,ACCESS_DOWNLOAD_MANAGER,READ_CONTACTS,WRITE_CONTACTS,WRITE_EXTERNAL_STORAGE,READ_EXTERNAL_STORAGE,INTERNET,GET_TASKS,REORDER_TASKS,BILLING,WAKE_LOCK,CHANGE_WIFI_MULTICAST_STATE,CHANGE_WIFI_STATE,SET_ANIMATION_SCALE,BIND_GET_INSTALL_REFERRER_SERVICE
INTERNET,WAKE_LOCK,WRITE_EXTERNAL_STORAGE,READ_EXTERNAL_STORAGE,READ_PHONE_STATE,BIND_GET_INSTALL_REFERRER_SERVICE
INTERNET,READ_CONTACTS,BILLING,READ_EXTERNAL_STORAGE,WRITE_EXTERNAL_STORAGE,BIND_GET_INSTALL_REFERRER_SERVICE,WAKE_LOCK
CHANGE_NETWORK_STATE,INTERNET,GET_TASKS,REORDER_TASKS,USE_CREDENTIALS,WRITE_EXTERNAL_STORAGE,WRITE_MEDIA_STORAGE,READ_GMAIL,WAKE_LOCK,BILLING,BILLING,CAMERA,CAMERA_ADDON,licenses,READ_GSERVICES,ACCESS_PROVIDER,MANAGE_ACCOUNTS,BIND_GET_INSTALL_REFERRER_SERVICE
READ_CALENDAR,WRITE_CALENDAR,INTERNET,ACCESS_FINE_LOCATION,ACCESS_LOCATION,ACCESS_COARSE_LOCATION,READ_CONTACTS,WRITE_EXTERNAL_STORAGE,RECORD_AUDIO,GET_TASKS
WRITE_EXTERNAL_STORAGE,INTERNET,CAMERA,BILLING,SYSTEM_UI_VISIBILITY_EXTENSION,WAKE_LOCK,BIND_GET_INSTALL_REFERRER_SERVICE
INTERNET,WRITE_EXTERNAL_STORAGE,READ_CONTACTS,USE_CREDENTIALS,WAKE_LOCK,AUTHENTICATE_ACCOUNTS,WRITE_SYNC_SETTINGS,READ_EXTERNAL_STORAGE,BIND_GET_INSTALL_REFERRER_SERVICE
ACCESS_FINE_LOCATION,INTERNET,WAKE_LOCK,BIND_GET_INSTALL_REFERRER_SERVICE
INTERNET,ACCESS_COARSE_LOCATION,READ_EXTERNAL_STORAGE,WRITE_EXTERNAL_STORAGE,USE_CREDENTIALS,WAKE_LOCK,BIND_GET_INSTALL_REFERRER_SERVICE
CALL_PHONE,READ_PHONE_STATE,SYSTEM_ALERT_WINDOW,call_overlay,INTERNET,READ_CONTACTS,WRITE_EXTERNAL_STORAGE,READ_EXTERNAL_STORAGE,RECORD_AUDIO,MODIFY_AUDIO_SETTINGS,WAKE_LOCK,WRITE_CONTACTS,CHANGE_WIFI_MULTICAST_STATE,GET_TASKS,BILLING,DISABLE_KEYGUARD,MANAGE_ACCOUNTS,AUTHENTICATE_ACCOUNTS,WRITE_SYNC_SETTINGS,BIND_GET_INSTALL_REFERRER_SERVICE,READ,WRITE,READ_SETTINGS,UPDATE_SHORTCUT,BROADCAST_BADGE,PROVIDER_INSERT_BADGE,UPDATE_COUNT,UPDATE_BADGE,CHANGE_BADGE,READ_SETTINGS,WRITE_SETTINGS,READ_APP_BADGE,READ_SETTINGS,WRITE_SETTINGS,BADGE_COUNT_READ,BADGE_COUNT_WRITE
INTERNET,WRITE_EXTERNAL_STORAGE,ACCESS_COARSE_LOCATION,ACCESS_FINE_LOCATION,READ_EXTERNAL_STORAGE,WAKE_LOCK,RECORD_AUDIO,RECORD_VIDEO,READ,WRITE,READ_SETTINGS,UPDATE_SHORTCUT,BROADCAST_BADGE,PROVIDER_INSERT_BADGE,UPDATE_COUNT,UPDATE_BADGE,CHANGE_BADGE,READ_SETTINGS,WRITE_SETTINGS,READ_APP_BADGE,READ_SETTINGS,WRITE_SETTINGS,BADGE_COUNT_READ,BADGE_COUNT_WRITE
INTERNET,ACCESS_COARSE_LOCATION,ACCESS_FINE_LOCATION,READ_CONTACTS,READ_CALENDAR,WAKE_LOCK,BLUETOOTH,BLUETOOTH_ADMIN,CAMERA,WRITE_EXTERNAL_STORAGE,READ_EXTERNAL_STORAGE,WRITE_SETTINGS,DISABLE_KEYGUARD,breeze,READ_PROFILE,GET_TASKS,BIND_GET_INSTALL_REFERRER_SERVICE,ACCESS_BACKGROUND_LOCATION,CHANGE_NETWORK_STATE,ACTIVITY_RECOGNITION
CAMERA,WRITE_EXTERNAL_STORAGE,READ_EXTERNAL_STORAGE,ACCESS_FINE_LOCATION,INTERNET,ACCESS_COARSE_LOCATION,REQUEST_INSTALL_PACKAGES,DOWNLOAD_WITHOUT_NOTIFICATION,WAKE_LOCK
READ_CONTACTS,ACCESS_COARSE_LOCATION,ACCESS_FINE_LOCATION,BLUETOOTH,BLUETOOTH_ADMIN,CHANGE_WIFI_STATE,INTERNET,MODIFY_AUDIO_SETTINGS,READ_PHONE_STATE,RECORD_AUDIO,WAKE_LOCK,READ_EXTERNAL_STORAGE,WRITE_EXTERNAL_STORAGE,BIND_GET_INSTALL_REFERRER_SERVICE
ACCESS_FINE_LOCATION,CALL_PHONE,WRITE_EXTERNAL_STORAGE,INTERNET,WAKE_LOCK,BLUETOOTH,READ_CONTACTS,WRITE_CONTACTS,ACCESS_COARSE_LOCATION,READ,WRITE,READ_SETTINGS,UPDATE_SHORTCUT,BROADCAST_BADGE,PROVIDER_INSERT_BADGE,UPDATE_COUNT,UPDATE_BADGE,CHANGE_BADGE,READ_SETTINGS,WRITE_SETTINGS,READ_APP_BADGE,READ_SETTINGS,WRITE_SETTINGS,BADGE_COUNT_READ,BADGE_COUNT_WRITE
READ_CONTACTS,ACCESS_COARSE_LOCATION,ACCESS_FINE_LOCATION,BLUETOOTH,BLUETOOTH_ADMIN,CHANGE_WIFI_STATE,INTERNET,MODIFY_AUDIO_SETTINGS,READ_PHONE_STATE,RECORD_AUDIO,WAKE_LOCK,READ_EXTERNAL_STORAGE,WRITE_EXTERNAL_STORAGE,BIND_GET_INSTALL_REFERRER_SERVICE
CHANGE_WIFI_STATE,CHANGE_NETWORK_STATE,INTERNET,READ_PHONE_STATE,GET_TASKS,REORDER_TASKS,USE_CREDENTIALS,MANAGE_ACCOUNTS,WRITE_EXTERNAL_STORAGE,WRITE_MEDIA_STORAGE,READ_GMAIL,WAKE_LOCK,BILLING,BILLING,BIND_GET_INSTALL_REFERRER_SERVICE
INTERNET,WRITE_SYNC_SETTINGS,AUTHENTICATE_ACCOUNTS,MANAGE_ACCOUNTS,WRITE_EXTERNAL_STORAGE,WAKE_LOCK,BIND_GET_INSTALL_REFERRER_SERVICE
INTERNET,ACCESS_FINE_LOCATION,CAMERA,WRITE_EXTERNAL_STORAGE,READ_EXTERNAL_STORAGE,STORAGE,WAKE_LOCK,BIND_GET_INSTALL_REFERRER_SERVICE
INTERNET,ACCESS_FINE_LOCATION,WAKE_LOCK,READ_PHONE_STATE,READ_EXTERNAL_STORAGE,WRITE_EXTERNAL_STORAGE,BIND_GET_INSTALL_REFERRER_SERVICE
READ_CONTACTS,ACCESS_COARSE_LOCATION,ACCESS_FINE_LOCATION,BLUETOOTH,BLUETOOTH_ADMIN,CHANGE_WIFI_STATE,INTERNET,MODIFY_AUDIO_SETTINGS,READ_PHONE_STATE,RECORD_AUDIO,WAKE_LOCK,READ_EXTERNAL_STORAGE,WRITE_EXTERNAL_STORAGE,BIND_GET_INSTALL_REFERRER_SERVICE
INTERNET,WRITE_EXTERNAL_STORAGE,READ_EXTERNAL_STORAGE,READ_PHONE_STATE,READ,WAKE_LOCK,READ,WRITE,READ_SETTINGS,UPDATE_SHORTCUT,BROADCAST_BADGE,PROVIDER_INSERT_BADGE,UPDATE_COUNT,UPDATE_BADGE,CHANGE_BADGE,READ_SETTINGS,WRITE_SETTINGS,READ_APP_BADGE,READ_SETTINGS,WRITE_SETTINGS,BADGE_COUNT_READ,BADGE_COUNT_WRITE,BILLING,BIND_GET_INSTALL_REFERRER_SERVICE
VPN_EXPLICIT_INTENT,SEND_GCM_COMMAND,ACCESS_PROVIDER,READ_DEVICE_SAMPLE,REQUEST_INSTALL_PACKAGES,CALL_PHONE,MANAGE_ACCOUNTS,READ_ALIAS,CAMERA,BINDABLE,SEND_BROADCAST,SEND_BROADCAST,APPWRAPPERCONTENTPROVIDER,ACCESS_FINE_LOCATION,INTERNET,READ_LOGS,READ_PHONE_STATE,READ_SETTINGS,CHANGE_WIFI_STATE,WRITE_EXTERNAL_STORAGE,BLUETOOTH,BLUETOOTH_ADMIN,ACCESS_COARSE_UPDATES,GET_TASKS,WAKE_LOCK,CLEAR_APP_CACHE,BINDABLE,START_REMOTE,KIOSK,WRITE_HISTORY_BOOKMARKS,READ_HISTORY_BOOKMARKS,MDM_WIFI,MDM_BLUETOOTH,MDM_HW_CONTROL,MDM_RESTRICTION,MDM_LOCATION,MDM_SECURITY,MDM_APP_MGMT,MDM_EMAIL,MDM_EXCHANGE,ENTERPRISE_DEVICE_ADMIN,MDM_BROWSER_SETTINGS,MDM_PHONE_RESTRICTION,MDM_VPN,START_REMOTE,READ,WRITE,MOUNT_FORMAT_FILESYSTEMS,MOUNT_UNMOUNT_FILESYSTEMS,DISABLE_KEYGUARD,WRITE_SETTINGS,BROADCAST,EMAIL_BROADCAST,ACCESS_SYSTEM_SETTINGS,CHANGE_NETWORK_STATE,NOTIFYCOMPLETE,READ_GSERVICES,ACCESS_HTC_MDM_API,ACCESS_HTC_MDM_API,SYSTEM_ALERT_WINDOW,READ_EXTERNAL_STORAGE,ACCESS_COARSE_LOCATION,REORDER_TASKS,MDM_ENTERPRISE_SSO,KNOX_INVENTORY,KNOX_ADVANCED_RESTRICTION,KNOX_AUDIT_LOG,KNOX_WIFI,KNOX_BLUETOOTH,KNOX_HW_CONTROL,KNOX_RESTRICTION_MGMT,KNOX_LOCATION,KNOX_SECURITY,KNOX_APP_MGMT,KNOX_EMAIL,KNOX_EXCHANGE,KNOX_ENTERPRISE_DEVICE_ADMIN,KNOX_BROWSER_SETTINGS,KNOX_PHONE_RESTRICTION,KNOX_VPN,KNOX_ROAMING,KNOX_FIREWALL,KNOX_KIOSK_MODE,KNOX_LOCKSCREEN,KNOX_LDAP,KNOX_APN,KNOX_DATE_TIME,KNOX_MULTI_USER_MGMT,MDM_LICENSE_LOG,MDM_APP_PERMISSION_MGMT,MDM_ENTERPRISE_VPN,MDM_APP_MGMT,KNOX_CONTAINER,KNOX_REMOTE_ATTESTATION,KNOX_CONTAINER_RCP,KNOX_CCM_KEYSTORE,ENTERPRISE_CONTAINER,SELM,MDM_ENTERPRISE_ISL,KNOX_VPN_GENERIC,KNOX_VPN_CONTAINER,KNOX_DEX,KNOX_CUSTOM_DEX,SUPPORT_PERMISSION,BIND_GET_INSTALL_REFERRER_SERVICE,DOWNLOAD_WITHOUT_NOTIFICATION,WRITE_SYNC_SETTINGS,NFC
WAKE_LOCK,NFC,INTERNET,ACCESS_COARSE_LOCATION,ACCESS_FINE_LOCATION,CAMERA,READ_GSERVICES,BLUETOOTH,BLUETOOTH_ADMIN,BIND_GET_INSTALL_REFERRER_SERVICE
INTERNET,ACCESS_FINE_LOCATION,ACCESS_COARSE_LOCATION,ACTIVITY_RECOGNITION,READ_PHONE_STATE,CAMERA,AUTHENTICATE_ACCOUNTS,USE_CREDENTIALS,MANAGE_ACCOUNTS,CALL_PHONE,BLUETOOTH,BLUETOOTH_ADMIN,READ_EXTERNAL_STORAGE,WAKE_LOCK,RW,permission,WRITE_EXTERNAL_STORAGE,READ_GSERVICES,BIND_GET_INSTALL_REFERRER_SERVICE
ACCESS_COARSE_LOCATION,ACCESS_FINE_LOCATION,CHANGE_WIFI_STATE,CHANGE_WIFI_MULTICAST_STATE,CALL_PHONE,CAMERA,INTERNET,READ_PROFILE,READ_CONTACTS,READ_EXTERNAL_STORAGE,READ_PHONE_STATE,WRITE_EXTERNAL_STORAGE,BLUETOOTH,BLUETOOTH_ADMIN,READ_GSERVICES,REQUEST_AUTHORIZATION_CODE,SYSTEM_ALERT_WINDOW,WAKE_LOCK
INTERNET,MANAGE_ACCOUNTS,WAKE_LOCK,READ_GSERVICES,BIND_GET_INSTALL_REFERRER_SERVICE
INTERNET,WRITE_EXTERNAL_STORAGE,ACCESS_DOWNLOAD_MANAGER
INTERNET,WRITE_EXTERNAL_STORAGE,WRITE_CONTACTS,AUTHENTICATE_ACCOUNTS,USE_CREDENTIALS,MANAGE_ACCOUNTS,CAMERA,READ_EXTERNAL_STORAGE
INTERNET,USE_CREDENTIALS,MANAGE_ACCOUNTS,AUTHENTICATE_ACCOUNTS,READ_PHONE_STATE,WAKE_LOCK,CHANGE_WIFI_STATE,CHANGE_NETWORK_STATE,SYSTEM_ALERT_WINDOW,DOWNLOAD_WITHOUT_NOTIFICATION,REQUEST_INSTALL_PACKAGES,KNOX_ENTERPRISE_DEVICE_ADMIN,KNOX_APP_MGMT,KNOX_BLUETOOTH,KNOX_BROWSER_SETTINGS,KNOX_CERTIFICATE,KNOX_EXCHANGE,KNOX_HW_CONTROL,KNOX_INVENTORY,KNOX_KIOSK_MODE,KNOX_MULTI_USER_MGMT,KNOX_RESTRICTION_MGMT,KNOX_SECURITY,KNOX_WIFI,ENTERPRISE_DEVICE_ADMIN,MDM_CERTIFICATE,MDM_APP_MGMT,MDM_SECURITY,MDM_INVENTORY,MDM_WIFI,MDM_EXCHANGE,MDM_BLUETOOTH,MDM_BROWSER_SETTINGS,MDM_HW_CONTROL,MDM_KIOSK_MODE,MDM_RESTRICTION,MDM_MULTI_USER_MGMT,READ_GSERVICES,SAMSUNG_MDM_SERVICE,READ,DIAGNOSTICS,ACCESS_MX_MANAGEMENT_FRAMEWORK_SERVICE,ACCESS_MX_MANAGEMENT_FRAMEWORK_SERVICE,SUPPORT_PERMISSION,KNOX_CERT_PROVISIONING,SUPPORT_PERMISSION,WRITE_EXTERNAL_STORAGE,READ_EXTERNAL_STORAGE,WRITE_SYNC_SETTINGS,BIND_GET_INSTALL_REFERRER_SERVICE
