WRITE_EXTERNAL_STORAGE,READ_EXTERNAL_STORAGE,INTERNET,ACCESS_NETWORK_STATE,ACCESS_FINE_LOCATION,BIND_GET_INSTALL_REFERRER_SERVICE,READ_PHONE_STATE,WAKE_LOCK
MAPS_RECEIVE,INTERNET,ACCESS_FINE_LOCATION,ACCESS_COARSE_LOCATION,CALL_PHONE,READ_PHONE_STATE,ACCESS_NETWORK_STATE,ACCESS_WIFI_STATE,CAMERA,READ_CONTACTS,WRITE_CONTACTS,WRITE_EXTERNAL_STORAGE,MODIFY_AUDIO_SETTINGS,VIBRATE,WAKE_LOCK,GET_ACCOUNTS,RECORD_AUDIO,CHANGE_WIFI_STATE,GET_TASKS,DISABLE_KEYGUARD,BLUETOOTH,INSTALL_SHORTCUT,UNINSTALL_SHORTCUT,READ_SETTINGS,FOREGROUND_SERVICE,BILLING,READ_GSERVICES,RECEIVE,RECEIVE_USER_PRESENT,READ_EXTERNAL_STORAGE,RECEIVE_BOOT_COMPLETED,ACTIVITY_RECOGNITION,BIND_GET_INSTALL_REFERRER_SERVICE
MIGRATION_CONTENT_PROVIDER,USE_FINGERPRINT,CAMERA,USE_BIOMETRIC,VIBRATE,ACCESS_COARSE_LOCATION,ACCESS_FINE_LOCATION,ACCESS_NETWORK_STATE,ACCESS_WIFI_STATE,AUTHENTICATE_ACCOUNTS,BLUETOOTH,BROADCAST_STICKY,CHANGE_NETWORK_STATE,CHANGE_WIFI_STATE,GET_ACCOUNTS,GET_TASKS,INSTALL_SHORTCUT,INTERNET,MANAGE_ACCOUNTS,MANAGE_OWN_CALLS,MODIFY_AUDIO_SETTINGS,NFC,READ_CONTACTS,READ_PHONE_STATE,READ_PROFILE,READ_SYNC_SETTINGS,READ_SYNC_STATS,RECEIVE_BOOT_COMPLETED,RECORD_AUDIO,USE_CREDENTIALS,WAKE_LOCK,WRITE_CONTACTS,WRITE_EXTERNAL_STORAGE,WRITE_SYNC_SETTINGS,REQUEST_INSTALL_PACKAGES,FOREGROUND_SERVICE,USE_FULL_SCREEN_INTENT,INSTALL_SHORTCUT,UNINSTALL_SHORTCUT,RECEIVE,READ_GSERVICES,READ,WRITE,READ_SETTINGS,UPDATE_SHORTCUT,BROADCAST_BADGE,PROVIDER_INSERT_BADGE,READ_SETTINGS,WRITE_SETTINGS,CHANGE_BADGE,BROADCAST,MAPS_RECEIVE,REGISTRATION,READ,READ_EXTERNAL_STORAGE
ACCESS,INTERNET,GET_ACCOUNTS,ACCESS_NETWORK_STATE,WAKE_LOCK,VIBRATE,READ_CONTACTS,READ_CALL_LOG,READ_PROFILE,WRITE_EXTERNAL_STORAGE,READ_PHONE_STATE,ACCESS_WIFI_STATE,RECEIVE_BOOT_COMPLETED,READ_SYNC_SETTINGS,RECEIVE_MMS,READ_SMS,WRITE_SMS,SEND_SMS,CHANGE_NETWORK_STATE,RECORD_AUDIO,SYSTEM_ALERT_WINDOW,CALL_PHONE,MODIFY_AUDIO_SETTINGS,DOWNLOAD_WITHOUT_NOTIFICATION,ACCESS,FB_APP_COMMUNICATION,CAMERA,ACCESS_FINE_LOCATION,ACCESS_COARSE_LOCATION,READ_GSERVICES,READ_EXTERNAL_STORAGE,CROSS_PROCESS_BROADCAST_MANAGER,BATTERY_STATS,BROADCAST_STICKY,INSTALL_SHORTCUT,ACCESS,READ,WRITE,READ_SETTINGS,UPDATE_SHORTCUT,BROADCAST_BADGE,WRITE_BADGES,RECEIVE,C2D_MESSAGE,RECEIVE,RECEIVE_ADM_MESSAGE,RECEIVE,RECEIVE_SMS
C2D_MESSAGE,INTERNET,ACCESS_NETWORK_STATE,ACCESS_FINE_LOCATION,ACCESS_COARSE_LOCATION,READ_GSERVICES,WAKE_LOCK,RECEIVE,RECEIVE_BOOT_COMPLETED,READ_PHONE_STATE,CALL_PHONE,GET_TASKS,ACCESS_WIFI_STATE,CHANGE_WIFI_STATE,ACTIVITY_RECOGNITION,USE_FINGERPRINT,USE_BIOMETRIC,C2D_MESSAGE,PERMISSION,READ_EXTERNAL_STORAGE,READ,WRITE,READ_SETTINGS,UPDATE_SHORTCUT,BROADCAST_BADGE,PROVIDER_INSERT_BADGE,UPDATE_COUNT,UPDATE_BADGE,CHANGE_BADGE,READ_SETTINGS,WRITE_SETTINGS,READ_APP_BADGE,READ_SETTINGS,WRITE_SETTINGS,BADGE_COUNT_READ,BADGE_COUNT_WRITE,VIBRATE,BIND_GET_INSTALL_REFERRER_SERVICE
INTERNET,MODIFY_AUDIO_SETTINGS,ACCESS_NETWORK_STATE,WAKE_LOCK,VIBRATE,RECEIVE_BOOT_COMPLETED,RECEIVE,KILL_BACKGROUND_PROCESSES,ACCESS_WIFI_STATE,CAMERA,WRITE_EXTERNAL_STORAGE,READ_EXTERNAL_STORAGE,RECORD_AUDIO,READ_CALENDAR,WRITE_CALENDAR,READ_PHONE_STATE,C2D_MESSAGE,BIND_GET_INSTALL_REFERRER_SERVICE
READ_PHONE_STATE,RECEIVE_SMS,VIBRATE,USE_FINGERPRINT,CAMERA,USE_BIOMETRIC,ACCESS_COARSE_LOCATION,ACCESS_FINE_LOCATION,ACCESS_NETWORK_STATE,ACCESS_WIFI_STATE,AUTHENTICATE_ACCOUNTS,BLUETOOTH,BROADCAST_STICKY,CHANGE_NETWORK_STATE,CHANGE_WIFI_STATE,GET_ACCOUNTS,GET_TASKS,INSTALL_SHORTCUT,INTERNET,MANAGE_ACCOUNTS,MANAGE_OWN_CALLS,MODIFY_AUDIO_SETTINGS,NFC,READ_CONTACTS,READ_PROFILE,READ_SYNC_SETTINGS,READ_SYNC_STATS,RECEIVE_BOOT_COMPLETED,RECORD_AUDIO,SEND_SMS,USE_CREDENTIALS,WAKE_LOCK,WRITE_CONTACTS,WRITE_EXTERNAL_STORAGE,WRITE_SYNC_SETTINGS,REQUEST_INSTALL_PACKAGES,FOREGROUND_SERVICE,USE_FULL_SCREEN_INTENT,INSTALL_SHORTCUT,UNINSTALL_SHORTCUT,RECEIVE,READ_GSERVICES,READ,WRITE,READ_SETTINGS,UPDATE_SHORTCUT,BROADCAST_BADGE,PROVIDER_INSERT_BADGE,READ_SETTINGS,WRITE_SETTINGS,CHANGE_BADGE,BROADCAST,MAPS_RECEIVE,REGISTRATION,READ,READ_EXTERNAL_STORAGE
ACCESS_NETWORK_STATE,BLUETOOTH,BLUETOOTH_ADMIN,FOREGROUND_SERVICE,GET_PACKAGE_SIZE,MODIFY_AUDIO_SETTINGS,READ_GSERVICES,READ_PHONE_STATE,RECORD_AUDIO,INTERNET,WAKE_LOCK,READ_GSERVICES,WRITE_GSERVICES
C2D_MESSAGE,INTERNET,ACCESS_NETWORK_STATE,ACCESS_FINE_LOCATION,ACCESS_COARSE_LOCATION,READ_GSERVICES,WAKE_LOCK,RECEIVE,RECEIVE_BOOT_COMPLETED,READ_PHONE_STATE,CALL_PHONE,GET_TASKS,ACCESS_WIFI_STATE,CHANGE_WIFI_STATE,ACTIVITY_RECOGNITION,USE_FINGERPRINT,USE_BIOMETRIC,C2D_MESSAGE,PERMISSION,READ_EXTERNAL_STORAGE,READ,WRITE,READ_SETTINGS,UPDATE_SHORTCUT,BROADCAST_BADGE,PROVIDER_INSERT_BADGE,UPDATE_COUNT,UPDATE_BADGE,CHANGE_BADGE,READ_SETTINGS,WRITE_SETTINGS,READ_APP_BADGE,READ_SETTINGS,WRITE_SETTINGS,BADGE_COUNT_READ,BADGE_COUNT_WRITE,VIBRATE,BIND_GET_INSTALL_REFERRER_SERVICE
CAMERA,MODIFY_AUDIO_SETTINGS,RECORD_AUDIO,BLUETOOTH,BROADCAST_STICKY,VIBRATE,WAKE_LOCK,INTERNET,CHANGE_NETWORK_STATE,ACCESS_WIFI_STATE,READ_PROFILE,READ_CONTACTS,WRITE_CONTACTS,READ_PHONE_STATE,RECEIVE,GET_ACCOUNTS,ACCESS_NETWORK_STATE,READ_GSERVICES,RECEIVE_BOOT_COMPLETED,WRITE_CALL_LOG,READ_SYNC_STATS,WRITE_SYNC_SETTINGS,AUTHENTICATE_ACCOUNTS,MANAGE_ACCOUNTS,FOREGROUND_SERVICE,READ,WRITE,READ_SETTINGS,UPDATE_SHORTCUT,BROADCAST_BADGE,PROVIDER_INSERT_BADGE,UPDATE_COUNT,UPDATE_BADGE,CHANGE_BADGE,READ_SETTINGS,WRITE_SETTINGS,READ_APP_BADGE,READ_SETTINGS,WRITE_SETTINGS,GET_PACKAGE_SIZE,INSTALL_SHORTCUT
INTERNET,ACCESS_NETWORK_STATE,READ_PHONE_STATE,READ_CONTACTS,WAKE_LOCK,ACCESS_NOTIFICATION_POLICY,ACCESS_FINE_LOCATION,FOREGROUND_SERVICE,ACCESS_COARSE_LOCATION,CALL_PHONE,RECEIVE_BOOT_COMPLETED,ANSWER_PHONE_CALLS,WRITE_CONTACTS,SYSTEM_ALERT_WINDOW,BATTERY_STATS,BIND_GET_INSTALL_REFERRER_SERVICE,ACCESS_BACKGROUND_LOCATION,RECEIVE
CHANGE_WIFI_MULTICAST_STATE,READ,WRITE,MM_MESSAGE,HW_ACCESS_AUTH_SERVICE,READ_GSERVICES,CHANGE_NETWORK_STATE,WRITE_SETTINGS,PACKAGE_USAGE_STATS,ACCESS_NETWORK_STATE,ACCESS_COARSE_LOCATION,ACCESS_FINE_LOCATION,CAMERA,GET_TASKS,INTERNET,MODIFY_AUDIO_SETTINGS,RECEIVE_BOOT_COMPLETED,RECORD_AUDIO,READ_CONTACTS,VIBRATE,WAKE_LOCK,WRITE_EXTERNAL_STORAGE,WRITE_CONTACTS,INSTALL_SHORTCUT,UNINSTALL_SHORTCUT,READ_SETTINGS,SEND_VIEW,BLUETOOTH,BLUETOOTH_ADMIN,BROADCAST_STICKY,SYSTEM_ALERT_WINDOW,CHANGE_WIFI_STATE,GET_PACKAGE_SIZE,DOWNLOAD_WITHOUT_NOTIFICATION,NFC,CHANGE_BADGE,WRITE_APP_BADGE,REQUEST_IGNORE_BATTERY_OPTIMIZATIONS,READ_PHONE_STATE,READ_EXTERNAL_STORAGE,READ,WRITE,ACTIVITY_RECOGNITION,message,BODY_SENSORS,READ_SETTINGS,FOREGROUND_SERVICE,ACCESS_WIFI_STATE,BILLING,Read,Write,Provider,WAID_PROVIDER_WRITE,USE_FULL_SCREEN_INTENT,GET_ACCOUNTS,MANAGE_ACCOUNTS,AUTHENTICATE_ACCOUNTS,READ_SYNC_SETTINGS,WRITE_SYNC_SETTINGS,READ_PROFILE,READ_STEPS,CHECK_LICENSE,USE_FINGERPRINT,REQUEST_INSTALL_PACKAGES,strategynotify,ACCESS_NOTIFICATION_POLICY,FLASHLIGHT,BIND_GET_INSTALL_REFERRER_SERVICE,RECEIVE,C2D_MESSAGE,ACCESS_SOTER_KEYSTORE,USE_FACERECOGNITION
""
INTERNET,ACCESS_NETWORK_STATE,ACCESS_WIFI_STATE,CHANGE_WIFI_STATE,RECEIVE_BOOT_COMPLETED,READ_CONTACTS,READ_CALL_LOG,CALL_PHONE,READ_SMS,SEND_SMS,RECEIVE_SMS,ACCESS_FINE_LOCATION,BILLING,REQUEST_IGNORE_BATTERY_OPTIMIZATIONS,PROCESS_OUTGOING_CALLS,READ_PHONE_STATE,SYSTEM_ALERT_WINDOW,WAKE_LOCK,ANSWER_PHONE_CALLS,FOREGROUND_SERVICE,RECEIVE,permission,BIND_GET_INSTALL_REFERRER_SERVICE
READ_CONTACTS,READ_PROFILE,READ_PHONE_STATE,RECEIVE_BOOT_COMPLETED,ACCESS_NETWORK_STATE,WRITE_EXTERNAL_STORAGE,VIBRATE,GET_ACCOUNTS,WAKE_LOCK,CAMERA,READ_EXTERNAL_STORAGE,INTERNET,REQUEST_INSTALL_PACKAGES,BATTERY_STATS,CHANGE_NETWORK_STATE,ACCESS_WIFI_STATE,RECORD_AUDIO,AUTHENTICATE_ACCOUNTS,MANAGE_ACCOUNTS,RECEIVE,C2D_MESSAGE,ACCESS,ACCESS,ACCESS,ACCESS,ACCESS,FB_APP_COMMUNICATION,BROADCAST,ACCESS,READ,WRITE,READ_SETTINGS,UPDATE_SHORTCUT,BROADCAST_BADGE,INSTALL_SHORTCUT,UNINSTALL_SHORTCUT,USE_FULL_SCREEN_INTENT,DOWNLOAD_WITHOUT_NOTIFICATION,MODIFY_AUDIO_SETTINGS,BLUETOOTH,FOREGROUND_SERVICE
INTERNET,RECORD_AUDIO,CAMERA,VIBRATE,MODIFY_AUDIO_SETTINGS,ACCESS_NETWORK_STATE,WAKE_LOCK,RECEIVE,C2D_MESSAGE
BLUETOOTH,BLUETOOTH_ADMIN,INTERNET,ACCESS_NETWORK_STATE,CHANGE_NETWORK_STATE,READ_CALENDAR,RECEIVE_BOOT_COMPLETED,CAMERA,FLASHLIGHT,READ_PHONE_NUMBERS,WAKE_LOCK,BROADCAST_STICKY,CALL_PHONE,READ_CONTACTS,READ_PROFILE,READ_PHONE_STATE,READ_CALL_LOG,SEND_SMS,ANSWER_PHONE_CALLS,READ_SMS,ACCESS_WIFI_STATE,CHANGE_WIFI_STATE,READ_GSERVICES,GET_ACCOUNTS,MANAGE_ACCOUNTS,VIBRATE,REMOTE_ACCESS,USE_CREDENTIALS,AUTO_SEND,ACCESS_COARSE_LOCATION,ACCESS_FINE_LOCATION,REQUEST_IGNORE_BATTERY_OPTIMIZATIONS,ACTIVITY_RECOGNITION,REQUEST_COMPANION_RUN_IN_BACKGROUND,REQUEST_COMPANION_USE_DATA_IN_BACKGROUND,FOREGROUND_SERVICE,READ_EXTERNAL_STORAGE,PARTNER_SETUP,vzwcarrierpermission,ACCESS
WAKE_LOCK,READ_SMS,WRITE_SMS,RECEIVE_SMS,RECEIVE_MMS,SEND_SMS,RECEIVE_WAP_PUSH,INTERNET,ACCESS_NETWORK_STATE,CHANGE_NETWORK_STATE,READ_CONTACTS,WRITE_CONTACTS,READ_PROFILE,VIBRATE,READ_PHONE_STATE,READ_GSERVICES,CAMERA,WRITE_EXTERNAL_STORAGE,READ_EXTERNAL_STORAGE,RECORD_AUDIO,CALL_PHONE,DOWNLOAD_WITHOUT_NOTIFICATION,RECEIVE_BOOT_COMPLETED,ACCESS_COARSE_LOCATION,ACCESS_FINE_LOCATION,GET_PACKAGE_SIZE,ACCESS_DATA,LOG_ACCESS,READ_DEVICE_ORIGIN,READ_DEVICE_ORIGIN_FIRST_PARTY,CALLER_ID_EXTERNAL_LOOKUP_SMS,READ,WRITE,READ_SETTINGS,UPDATE_SHORTCUT,BROADCAST_BADGE,PROVIDER_INSERT_BADGE,UPDATE_COUNT,UPDATE_BADGE,CHANGE_BADGE,READ_SETTINGS,WRITE_SETTINGS,READ_APP_BADGE,READ_SETTINGS,WRITE_SETTINGS,RECEIVE
ACCESS_SECRETS,C2D_MESSAGE,READ_PROFILE,WRITE_PROFILE,BROADCAST_WAP_PUSH,READ_CONTACTS,WRITE_CONTACTS,RECEIVE_BOOT_COMPLETED,RECEIVE_SMS,RECEIVE_MMS,READ_SMS,SEND_SMS,WRITE_SMS,VIBRATE,ACCESS_NETWORK_STATE,CHANGE_NETWORK_STATE,READ_PHONE_STATE,WAKE_LOCK,INTERNET,WRITE_EXTERNAL_STORAGE,READ_EXTERNAL_STORAGE,READ_CALL_LOG,GET_ACCOUNTS,CAMERA,RECEIVE,ACCESS_COARSE_LOCATION,ACCESS_FINE_LOCATION,READ_SYNC_SETTINGS,WRITE_SYNC_SETTINGS,AUTHENTICATE_ACCOUNTS,USE_CREDENTIALS,INSTALL_SHORTCUT,WRITE_CALENDAR,READ_CALENDAR,ACCESS_WIFI_STATE,CHANGE_WIFI_STATE,SET_WALLPAPER,RECORD_AUDIO,MODIFY_AUDIO_SETTINGS,BLUETOOTH,BROADCAST_STICKY,MODIFY_PHONE_STATE,PROCESS_OUTGOING_CALLS,CALL_PHONE,CALL_PRIVILEGED,DISABLE_KEYGUARD,RAISED_THREAD_PRIORITY,READ_CALL_STATE,READ_LOGS,WRITE_CALL_LOG,REQUEST_IGNORE_BATTERY_OPTIMIZATIONS,SYSTEM_ALERT_WINDOW,BILLING,FOREGROUND_SERVICE,USE_FINGERPRINT,USE_BIOMETRIC,MANAGE_FINGERPRINT,BIND_GET_INSTALL_REFERRER_SERVICE,READ,WRITE,READ_SETTINGS,UPDATE_SHORTCUT,BROADCAST_BADGE,PROVIDER_INSERT_BADGE,UPDATE_COUNT,UPDATE_BADGE,CHANGE_BADGE,READ_SETTINGS,WRITE_SETTINGS,READ_APP_BADGE,READ_SETTINGS,WRITE_SETTINGS,BADGE_COUNT_READ,BADGE_COUNT_WRITE
INTERNET,READ_PHONE_STATE,READ_PRIVILEGED_PHONE_STATE,ACCESS_NETWORK_STATE,WAKE_LOCK,WRITE_EXTERNAL_STORAGE,ACCESS_WIFI_STATE,RECEIVE_BOOT_COMPLETED,REAL_GET_TASKS,PUSH_SERVICE_PROVIDER,AOM_KEEPALIVE,INTERACT_ACROSS_USERS,DLC_REQUEST,GET_REG_INFO,SEND,TOKEN_a1a30b694300dac6f59ae7b791d9eef52f677d5a5fe53412b7608126d463248f21f62f60c9bc92da81138bf6f292302d960c7273f648e5596bc9fea9ca594701e696c0917204658ac9f0e74745807472e9d3e9977f667274ee768334b7f9004f9a0046decafe7e068ad420d39e629d727f6b28195b118d7f7a4230be62243bd1,TOKEN_93826e86cec89c5a525ae83ddf9ebd98ecc233c92e8756bc704afa2d0778c64fdb5fef0d4cf09b8d73963b6df482827430806db3a69e587adc1c167cc50e7207453c58ea58cad7caaef5646b8deb9556378af5867696aa51fbca0e2f918d7d12a6f0b7acd5bba2d48c6688ee2089b816ad6fb0bc395f6986b71129090f423d3d
ACCESS_NETWORK_STATE,BLUETOOTH_ADMIN,BLUETOOTH,GET_PACKAGE_SIZE,INTERNET,MODIFY_AUDIO_SETTINGS,READ_EXTERNAL_STORAGE,RECORD_AUDIO,SYSTEM_ALERT_WINDOW,WAKE_LOCK,VIBRATE,READ_GSERVICES,FOREGROUND_SERVICE
ACCESS_COARSE_LOCATION,ACCESS_FINE_LOCATION,ACCESS_NETWORK_STATE,REQUEST_INSTALL_PACKAGES,AUTHENTICATE_ACCOUNTS,CAMERA,DOWNLOAD_WITHOUT_NOTIFICATION,FOREGROUND_SERVICE,GET_ACCOUNTS,INTERNET,MANAGE_ACCOUNTS,MODIFY_AUDIO_SETTINGS,NFC,READ_EXTERNAL_STORAGE,READ_SYNC_SETTINGS,READ_SYNC_STATS,RECEIVE_BOOT_COMPLETED,RECORD_AUDIO,USE_CREDENTIALS,VIBRATE,WAKE_LOCK,WRITE_EXTERNAL_STORAGE,WRITE_SYNC_SETTINGS,READ_WRITE_BOOKMARK_FOLDERS,TOS_ACKED,DEVICE_EXTRAS,READ_HISTORY_BOOKMARKS,WRITE_HISTORY_BOOKMARKS,RECEIVE,INSTALL_SHORTCUT,CURRENT_ACCOUNT_ACCESS,READ_PHONE_STATE,ACCESS_WIFI_STATE,CHANGE_WIFI_STATE,FLASHLIGHT,C2D_MESSAGE,SYSTEM_UI_VISIBILITY_EXTENSION,BLUETOOTH_ADMIN,BLUETOOTH,READ_CONTACTS,READ_PROFILE
INTERNET,FOREGROUND_SERVICE,ACCESS_NETWORK_STATE,RECEIVE_BOOT_COMPLETED,WRITE_EXTERNAL_STORAGE,READ_EXTERNAL_STORAGE,REQUEST_IGNORE_BATTERY_OPTIMIZATIONS
INTERNET,WRITE_EXTERNAL_STORAGE,ACCESS_NETWORK_STATE,INSTALL_SHORTCUT,FOREGROUND_SERVICE,WRITE_USE_APP_FEATURE_SURVEY,BIND_GET_INSTALL_REFERRER_SERVICE,READ_PHONE_STATE,READ_EXTERNAL_STORAGE,RECEIVE_BOOT_COMPLETED,WAKE_LOCK,MODIFY_AUDIO_SETTINGS
ACCESS_WEARABLE_STATE,RECEIVE_BOOT_COMPLETED,BLUETOOTH,BLUETOOTH_ADMIN,ACCESS_WIFI_STATE,ACCESS_NETWORK_STATE,CHANGE_NETWORK_STATE,LOCAL_MAC_ADDRESS,WAKE_LOCK,WRITE_EXTERNAL_STORAGE,READ_EXTERNAL_STORAGE,INTERNET,ACCESSORY_FRAMEWORK,WRITE_USE_APP_FEATURE_SURVEY,DEVICE_POWER,REQUEST_IGNORE_BATTERY_OPTIMIZATIONS,TOKEN_86fa2eba57ed5589fc77eb797710d6179652dd33e290576167efd5e0c4d427ba310bba706bd02670ae890d0de746fab739baa6426c4714a17318003ff6735452e21e442647f43cd9b3f4ed6df95b10316f17f976b614b34372048793ccdf56658c14cfc43dadb300b79f658208b4e3d01c5f721d5cc24f897f047033bde2cc62,FOREGROUND_SERVICE
CAMERA,ACCESS_COARSE_LOCATION,ACCESS_FINE_LOCATION,WRITE_EXTERNAL_STORAGE,READ_EXTERNAL_STORAGE,RECORD_AUDIO,WRITE_SETTINGS,INTERNET,WAKE_LOCK,ACCESS_WIFI_STATE,ACCESS_NETWORK_STATE,REORDER_TASKS,CHECK_LICENSE,INSTALL_SHORTCUT,RECEIVE,VIBRATE,FOREGROUND_SERVICE,BIND_GET_INSTALL_REFERRER_SERVICE,REQUEST_INSTALL_PACKAGES
INTERNET,ACCESS_NETWORK_STATE,VIBRATE,RECORD_AUDIO,CAMERA,FOREGROUND_SERVICE,SYSTEM_ALERT_WINDOW,RECEIVE_BOOT_COMPLETED,INSTALL_SHORTCUT,ACCESS_WIFI_STATE,WAKE_LOCK,WRITE_EXTERNAL_STORAGE,GET_ACCOUNTS,READ_PROFILE,READ_CONTACTS,WRITE_CONTACTS,CALL_PHONE,READ_PHONE_STATE,MODIFY_AUDIO_SETTINGS,ACCESS_FINE_LOCATION,ACCESS_COARSE_LOCATION,BLUETOOTH,BROADCAST_STICKY,NFC,RECEIVE,READ_GSERVICES,READ_SYNC_SETTINGS,WRITE_SYNC_SETTINGS,AUTHENTICATE_ACCOUNTS,MANAGE_ACCOUNTS,BILLING,READ,WRITE,READ_SETTINGS,UPDATE_SHORTCUT,BROADCAST_BADGE,PROVIDER_INSERT_BADGE,UPDATE_COUNT,UPDATE_BADGE,CHANGE_BADGE,READ_SETTINGS,WRITE_SETTINGS,READ_APP_BADGE,READ_SETTINGS,WRITE_SETTINGS,BADGE_COUNT_READ,BADGE_COUNT_WRITE
INTERNET,ACCESS_NETWORK_STATE,ACCESS_WIFI_STATE,READ_PHONE_STATE,READ_PHONE_STATE,READ_EXTERNAL_STORAGE,WRITE_EXTERNAL_STORAGE,WAKE_LOCK,VIBRATE,CALL_PHONE,ANSWER_PHONE_CALLS,RECORD_AUDIO,CAMERA,BLUETOOTH,BLUETOOTH_ADMIN,ACCESS_NOTIFICATION_POLICY,INSTALL_SHORTCUT,RECEIVE_BOOT_COMPLETED,READ_CONTACTS,WRITE_CONTACTS,ACCESS_COARSE_LOCATION,ACCESS_FINE_LOCATION,GET_ACCOUNTS,BILLING,MODIFY_AUDIO_SETTINGS,FOREGROUND_SERVICE,READ,WRITE,READ_SETTINGS,UPDATE_SHORTCUT,BROADCAST_BADGE,PROVIDER_INSERT_BADGE,UPDATE_COUNT,UPDATE_BADGE,CHANGE_BADGE,READ_SETTINGS,WRITE_SETTINGS,READ_APP_BADGE,READ_SETTINGS,WRITE_SETTINGS,BADGE_COUNT_READ,BADGE_COUNT_WRITE,RECEIVE,BIND_GET_INSTALL_REFERRER_SERVICE
INTERNET,READ_EXTERNAL_STORAGE,RECORD_AUDIO,VIBRATE,ACCESS_NETWORK_STATE,DUID_READ_PROVIDER,WRITE_EXTERNAL_STORAGE,READ_SIGNINUSER,WRITE_SIGNINUSER,COLLABORATION,WAKE_LOCK,RECEIVE,C2D_MESSAGE
BILLING,BROADCAST_RECEIVE,REQUEST_INSTALL_PACKAGES,PROCESS_PUSH_MSG,RECEIVE,WRITE_USE_APP_FEATURE_SURVEY,ACCESS_NETWORK_STATE,INTERNET,WAKE_LOCK,ACCESS_WIFI_STATE,AUTHENTICATE_ACCOUNTS,BLUETOOTH,BLUETOOTH_ADMIN,BROADCAST_STICKY,CAMERA,FLASHLIGHT,CALL_PHONE,GET_ACCOUNTS,GET_TASKS,MANAGE_ACCOUNTS,MODIFY_AUDIO_SETTINGS,READ_CONTACTS,READ_EXTERNAL_STORAGE,READ_LOGS,READ_PHONE_STATE,RECEIVE_BOOT_COMPLETED,RECORD_AUDIO,SYSTEM_ALERT_WINDOW,USE_CREDENTIALS,VIBRATE,WRITE_CONTACTS,WRITE_EXTERNAL_STORAGE,WRITE_SYNC_SETTINGS,INSTALL_SHORTCUT,OPPO_COMPONENT_SAFE,FOREGROUND_SERVICE,USE_FULL_SCREEN_INTENT,CHANGE_WIFI_STATE,ACCESS_FINE_LOCATION,ACCESS_COARSE_LOCATION,BIND_GET_INSTALL_REFERRER_SERVICE,READ,WRITE,READ_SETTINGS,UPDATE_SHORTCUT,BROADCAST_BADGE,PROVIDER_INSERT_BADGE,UPDATE_COUNT,UPDATE_BADGE,CHANGE_BADGE,READ_SETTINGS,WRITE_SETTINGS,READ_APP_BADGE,READ_SETTINGS,WRITE_SETTINGS,BADGE_COUNT_READ,BADGE_COUNT_WRITE
INTERNET,ACCESS_NETWORK_STATE,WAKE_LOCK,WRITE_EXTERNAL_STORAGE,READ_EXTERNAL_STORAGE,RECEIVE_BOOT_COMPLETED,C2D_MESSAGE,RECEIVE,VIBRATE,READ,WRITE,READ_SETTINGS,UPDATE_SHORTCUT,BROADCAST_BADGE,PROVIDER_INSERT_BADGE,UPDATE_COUNT,UPDATE_BADGE,CHANGE_BADGE,READ_SETTINGS,WRITE_SETTINGS,READ_APP_BADGE,READ_SETTINGS,WRITE_SETTINGS,BADGE_COUNT_READ,BADGE_COUNT_WRITE,CAMERA,BIND_GET_INSTALL_REFERRER_SERVICE,ACCESS_WIFI_STATE
INTERNET,ACCESS_NETWORK_STATE,ACCESS_WIFI_STATE,CHANGE_WIFI_STATE,READ_CONTACTS,WRITE_CONTACTS,MANAGE_ACCOUNTS,AUTHENTICATE_ACCOUNTS,GET_ACCOUNTS,RECEIVE_BOOT_COMPLETED,ACCESS,FOREGROUND_SERVICE,ATT_SSO_PERMISSION,READ_PHONE_STATE,RECEIVE,permission,BIND_GET_INSTALL_REFERRER_SERVICE,WAKE_LOCK
ACCESS_NETWORK_STATE,ACCESS_WIFI_STATE,CHANGE_WIFI_STATE,CHANGE_NETWORK_STATE,INTERNET,RECEIVE_BOOT_COMPLETED,VIBRATE,WAKE_LOCK,WRITE_EXTERNAL_STORAGE,READ_EXTERNAL_STORAGE,READ_SMS,WRITE_SMS,SEND_SMS,RECEIVE_SMS,SMS_RECEIVED,RECEIVE_MMS,READ_PHONE_STATE,GET_ACCOUNTS,READ_CONTACTS,RECORD_AUDIO,SYSTEM_ALERT_WINDOW,ACTION_MANAGE_OVERLAY_PERMISSION,BILLING,READ,WRITE,READ_SETTINGS,UPDATE_SHORTCUT,BROADCAST_BADGE,PROVIDER_INSERT_BADGE,UPDATE_COUNT,UPDATE_BADGE,CHANGE_BADGE,READ_SETTINGS,WRITE_SETTINGS,READ_APP_BADGE,READ_SETTINGS,WRITE_SETTINGS,BADGE_COUNT_READ,BADGE_COUNT_WRITE,BIND_GET_INSTALL_REFERRER_SERVICE,RECEIVE
FOREGROUND_SERVICE,CALL_PHONE,READ_CONTACTS,REORDER_TASKS,WRITE_CONTACTS,READ_PROFILE,MANAGE_ACCOUNTS,ACTION_MANAGE_OVERLAY_PERMISSION,INTERNET,NFC,READ_PHONE_STATE,MODIFY_AUDIO_SETTINGS,WAKE_LOCK,WRITE_EXTERNAL_STORAGE,WRITE_SETTINGS,USE_CREDENTIALS,VIBRATE,READ_SYNC_SETTINGS,CONTROL_INCALL_EXPERIENCE,INSTALL_SHORTCUT,RECEIVE_BOOT_COMPLETED,BROADCAST_STICKY,ACCESS_WIFI_STATE,ACCESS_NETWORK_STATE,MMS_SEND_OUTBOX_MSG,CHANGE_WIFI_STATE,CHANGE_NETWORK_STATE,READ_EXTERNAL_STORAGE,INSTALL_DRM,WRITE_APN_SETTINGS,GET_TASKS,SYSTEM_ALERT_WINDOW,SYSTEM_OVERLAY_WINDOW,GLOBAL_SEARCH,READ_HISTORY_BOOKMARKS,RECORD_AUDIO,BILLING,RESTART_PACKAGES,PROCESS_OUTGOING_CALLS,READ_CALL_LOG,WRITE_CALL_LOG,BIND_GET_INSTALL_REFERRER_SERVICE,ACTIVITY_RECOGNITION,BLUETOOTH,BLUETOOTH_ADMIN,PACKAGE_USAGE_STATS,FLASHLIGHT,READ_SETTINGS,UNINSTALL_SHORTCUT,RECEIVE
ACCESS_FINE_LOCATION,ACCESS_COARSE_LOCATION,ACCESS_BACKGROUND_LOCATION,READ_CONTACTS,GET_ACCOUNTS,WRITE_EXTERNAL_STORAGE,READ_EXTERNAL_STORAGE,RECORD_AUDIO,READ_PHONE_STATE,INTERNET,ACCESS_WIFI_STATE,ACCESS_NETWORK_STATE,DISABLE_KEYGUARD,VIBRATE,RECEIVE_BOOT_COMPLETED,BROADCAST_STICKY,READ_GSERVICES,CAMERA,SYSTEM_ALERT_WINDOW,BLUETOOTH,ACTIVITY_RECOGNITION,ACTIVITY_RECOGNITION,CHANGE_WIFI_STATE,ACCESS_LOCATION_EXTRA_COMMANDS,WAKE_LOCK,USE_CREDENTIALS,BILLING,FOREGROUND_SERVICE,RECEIVE,BIND_GET_INSTALL_REFERRER_SERVICE
WRITE_USE_APP_FEATURE_SURVEY,ACCESS_NETWORK_STATE,INTERNET,READ_EXTERNAL_STORAGE,WRITE_EXTERNAL_STORAGE,INSTALL_SHORTCUT,UNINSTALL_SHORTCUT,FOREGROUND_SERVICE,WAKE_LOCK,VIBRATE,MODIFY_AUDIO_SETTINGS
GET_ACCOUNTS,ACCESS_NETWORK_STATE,MANAGE_ACCOUNTS,USE_CREDENTIALS,AUTHENTICATE_ACCOUNTS,WRITE_SYNC_SETTINGS,WRITE_SETTINGS,READ_SYNC_STATS,READ_SYNC_SETTINGS,PER_ACCOUNT_TYPE,RECEIVE,C2D_MESSAGE,WRITE_USE_APP_FEATURE_SURVEY,CHANGE_WIFI_STATE,ACCESS_WIFI_STATE,ACCESS_COARSE_LOCATION,ACCESS_FINE_LOCATION,INTERNET,RECEIVE_BOOT_COMPLETED,READ_EXTERNAL_STORAGE,WRITE_EXTERNAL_STORAGE,INSTALL_SHORTCUT,UNINSTALL_SHORTCUT,READ_HISTORY_BOOKMARKS,FOREGROUND_SERVICE,WAKE_LOCK,VIBRATE,DOWNLOAD_WITHOUT_NOTIFICATION,SYSTEM_ALERT_WINDOW,NFC,RECORD_AUDIO,CAMERA,MODIFY_AUDIO_SETTINGS
READ_GSERVICES,INTERNET,ACCESS_NETWORK_STATE,CHANGE_NETWORK_STATE,ACCESS_WIFI_STATE,ACCESS_COARSE_LOCATION,ACCESS_FINE_LOCATION,permission,C2D_MESSAGE,INSTALL_PACKAGES,NWD_SDK,CHANGE_WIFI_STATE,WRITE_SETTINGS,RECEIVE_BOOT_COMPLETED,READ_PHONE_STATE,BROADCAST_STICKY,WAKE_LOCK,GET_TASKS,RECEIVE,WRITE_EXTERNAL_STORAGE,REQUEST_INSTALL_PACKAGES
ACCESS_WIFI_STATE,INTERNET,WAKE_LOCK,READ_PRIVILEGED_PHONE_STATE,RECEIVE_BOOT_COMPLETED,ACCESS_NETWORK_STATE,CALL_PHONE,READ_CALL_LOG,READ_CONTACTS,WRITE_CALL_LOG,ADD_VOICEMAIL,PROCESS_OUTGOING_CALLS,RECORD_AUDIO,ACCESS_FINE_LOCATION,ACCESS_COARSE_LOCATION,CAMERA,MODIFY_AUDIO_SETTINGS,ACCESS_JIBESERVICE,READ_GSERVICES,CHANGE_NETWORK_STATE,PACKET_KEEPALIVE_OFFLOAD,CONNECTIVITY_USE_RESTRICTED_NETWORKS,PROVISIONING_EVENT,READ_EXTERNAL_STORAGE
SEND_SMS,RECEIVE_WAP_PUSH,RECEIVE_MMS,WRITE_SMS,ACCESS_FINE_LOCATION,ACCESS_NETWORK_STATE,ACCESS_WIFI_STATE,BLUETOOTH,CAMERA,CALL_PHONE,DISABLE_KEYGUARD,INTERNET,MODIFY_AUDIO_SETTINGS,READ_PHONE_STATE,READ_PROFILE,READ_SMS,RECEIVE_SMS,RECORD_AUDIO,READ_EXTERNAL_STORAGE,RECEIVE_BOOT_COMPLETED,USE_CREDENTIALS,VIBRATE,WRITE_EXTERNAL_STORAGE,SYSTEM_ALERT_WINDOW,GET_ACCOUNTS,AUTHENTICATE_ACCOUNTS,MANAGE_ACCOUNTS,READ_CONTACTS,WRITE_CONTACTS,READ_SYNC_SETTINGS,WRITE_SYNC_SETTINGS,READ_SYNC_STATS,FOREGROUND_SERVICE,READ,WRITE,READ_SETTINGS,UPDATE_SHORTCUT,BROADCAST_BADGE,UPDATE_COUNT,UPDATE_BADGE,RECEIVE,WAKE_LOCK,RECEIVE,C2D_MESSAGE
AUTHENTICATE_ACCOUNTS,ACCESS_NETWORK_STATE,FOREGROUND_SERVICE,GET_ACCOUNTS,MANAGE_ACCOUNTS,INTERNET,READ_CONTACTS,WRITE_CONTACTS,INSTALL_SHORTCUT,READ_CALENDAR,WRITE_CALENDAR,READ_SYNC_SETTINGS,READ_SYNC_STATS,RECEIVE_BOOT_COMPLETED,SUBSCRIBED_FEEDS_READ,SUBSCRIBED_FEEDS_WRITE,USE_CREDENTIALS,VIBRATE,WAKE_LOCK,WRITE_SYNC_SETTINGS,WRITE_EXTERNAL_STORAGE,READ_OOBE,READ_GMAIL,WRITE_GMAIL,GOOGLE_AUTH,mail,READ_GSERVICES,AUTO_SEND,AUDIO_FILE_ACCESS,DOWNLOAD_WITHOUT_NOTIFICATION,READ_ATTACHMENT,READ_ATTACHMENT,ACCESS_PROVIDER,ACCESS_PROVIDER,READ_PROFILE,GET_WIDGET_UPDATE,BROADCAST_INTERNAL,BIND,PARTNER_PROVIDER,GET_PACKAGE_SIZE,REQUEST_SCREEN_LOCK_COMPLEXITY,RECEIVE,START_HANGOUT
INTERNET,VIBRATE,WAKE_LOCK,ACCESS_NETWORK_STATE,WRITE_EXTERNAL_STORAGE,READ_CONTACTS,GALLERY_PROVIDER,GALLERY_PROVIDER,USE_FINGERPRINT,GET_ACCOUNTS,USE_CREDENTIALS,MANAGE_ACCOUNTS,AUTHENTICATE_ACCOUNTS,WRITE_SETTINGS,WRITE_CONTACTS,READ_SYNC_STATS,READ_SYNC_SETTINGS,WRITE_SYNC_SETTINGS,READ_SOCIAL_STREAM,WRITE_SOCIAL_STREAM,C2D_MESSAGE,RECEIVE,READ_EXTERNAL_STORAGE,REQUEST_INSTALL_PACKAGES,READ_GSERVICES,READ,WRITE,READ_SETTINGS,UPDATE_SHORTCUT,BROADCAST_BADGE,PROVIDER_INSERT_BADGE,UPDATE_COUNT,UPDATE_BADGE,BIND_GET_INSTALL_REFERRER_SERVICE
BROADCAST_STICKY,INSTALL_SHORTCUT,UNINSTALL_SHORTCUT,SYSTEM_ALERT_WINDOW,CALL_PHONE,ACCESS_GPS,RECEIVE_USER_PRESENT,READ_PHONE_STATE,WRITE_EXTERNAL_STORAGE,READ_EXTERNAL_STORAGE,MOUNT_UNMOUNT_FILESYSTEMS,VIBRATE,DISABLE_KEYGUARD,EXPAND_STATUS_BAR,INTERNET,WAKE_LOCK,ACCESS_COARSE_UPDATES,ACCESS_WIFI_STATE,CHANGE_WIFI_STATE,ACCESS_NETWORK_STATE,CHANGE_NETWORK_STATE,ACCESS_LOCATION_EXTRA_COMMANDS,CAMERA,RECORD_AUDIO,READ_CONTACTS,WRITE_CONTACTS,WRITE_SETTINGS,READ_LOGS,GET_TASKS,MODIFY_AUDIO_SETTINGS,GET_ACCOUNTS,READ_SYNC_SETTINGS,BLUETOOTH,READ_SETTINGS,WRITE_SETTINGS,READ_SETTINGS,WRITE_SETTINGS,READ_SETTINGS,WRITE_SETTINGS,READ_SETTINGS,WRITE_SETTINGS,READ_SETTINGS,WRITE_SETTINGS,READ_SETTINGS,WRITE_SETTINGS,READ_SETTINGS,WRITE_SETTINGS,READ_SETTINGS,WRITE_SETTINGS,READ_SETTINGS,WRITE_SETTINGS,READ_SETTINGS,WRITE_SETTINGS,READ_SETTINGS,WRITE_SETTINGS,READ_SETTINGS,WRITE_SETTINGS,READ_SETTINGS,WRITE_SETTINGS,READ_SETTINGS,WRITE_SETTINGS,READ_SETTINGS,WRITE_SETTINGS,READ_SETTINGS,WRITE_SETTINGS,FOREGROUND_SERVICE,MAPS_RECEIVE,READ_GSERVICES,RECEIVE_BOOT_COMPLETED,RESTART_PACKAGES,MODIFY_PHONE_STATE,READ_PROFILE,ACCESS_FINE_LOCATION,ACCESS_COARSE_LOCATION,BILLING,CHANGE_CONFIGURATION,PACKAGE_USAGE_STATS,USE_CREDENTIALS,ACTIVITY_RECOGNITION,READ_CALENDAR,WRITE_CALENDAR,FLASHLIGHT,REQUEST_INSTALL_PACKAGES,BIND_GET_INSTALL_REFERRER_SERVICE,RECEIVE
CAMERA,VIBRATE,READ_CONTACTS,INTERNET,READ_PHONE_STATE,CALL_PHONE,ACCESS_COARSE_LOCATION,ACCESS_FINE_LOCATION,WRITE_EXTERNAL_STORAGE,ACCESS_NETWORK_STATE,ACCESS_WIFI_STATE,BILLING,BLUETOOTH,BLUETOOTH_ADMIN,ACCESS_LOCATION_EXTRA_COMMANDS,GET_ACCOUNTS,PUSH_MESSAGE,LINE_ACCESS,INSTALL_SHORTCUT,USE_ALML,PLAYBACK,SYNC_MESSAGE,PROVIDER_INSERT_BADGE,CHANGE_BADGE,READ_SETTINGS,WRITE_SETTINGS,SYSTEM_ALERT_WINDOW,NFC,FOREGROUND_SERVICE,READ_EXTERNAL_STORAGE,DOWNLOAD_WITHOUT_NOTIFICATION,MODIFY_AUDIO_SETTING,RECORD_AUDIO,MODIFY_AUDIO_SETTINGS,WAKE_LOCK,CHANGE_NETWORK_STATE,CHANGE_WIFI_STATE,DISABLE_KEYGUARD,GET_TASKS,WRITE_SETTINGS,BIND_GET_INSTALL_REFERRER_SERVICE,RECEIVE,RECEIVE_BOOT_COMPLETED,USE_FINGERPRINT
INTERNET,RECEIVE_BOOT_COMPLETED,ACCESS_NETWORK_STATE,READ_PHONE_STATE,CAMERA,RECORD_AUDIO,READ_CONTACTS,VIBRATE,READ_EXTERNAL_STORAGE,WRITE_EXTERNAL_STORAGE,WAKE_LOCK,GET_ACCOUNTS,CONTACT,BILLING,RECEIVE,BIND_GET_INSTALL_REFERRER_SERVICE
CAMERA,VIBRATE,READ_PHONE_STATE,MODIFY_AUDIO_SETTINGS,RECORD_AUDIO,DISABLE_KEYGUARD,RECEIVE_BOOT_COMPLETED,WRITE_EXTERNAL_STORAGE,CALL_PHONE,INTERNET,ACCESS_NETWORK_STATE,CHANGE_WIFI_STATE,ACCESS_WIFI_STATE,BLUETOOTH,BLUETOOTH_ADMIN,WRITE_CONTACTS,READ_CONTACTS,ACCESS_PROVIDER,ACCESS_FINE_LOCATION,READ_EXTERNAL_STORAGE,FOREGROUND_SERVICE,READ_GSERVICES,WAKE_LOCK,RECEIVE,BIND_GET_INSTALL_REFERRER_SERVICE,CHANGE_NETWORK_STATE
RECEIVE_ADM_MESSAGE,RECEIVE,AUTHENTICATE_ACCOUNTS,INTERNET,READ_SYNC_SETTINGS,WRITE_SYNC_SETTINGS,ACCESS_FINE_LOCATION,WRITE_CONTACTS,BILLING,WAKE_LOCK,ACCESS_NETWORK_STATE,WRITE_EXTERNAL_STORAGE,GET_ACCOUNTS,ACCESS_COARSE_LOCATION,READ_EXTERNAL_STORAGE,YAHOO_INTER_APP,READ_CONTACTS,ACCESS_WIFI_STATE,READ_SYNC_STATS,USE_BIOMETRIC,MANAGE_ACCOUNTS,RECEIVE_BOOT_COMPLETED,RECEIVE
AUTHENTICATE_ACCOUNTS,INTERNET,READ_EXTERNAL_STORAGE,WRITE_EXTERNAL_STORAGE,ACCESS_NETWORK_STATE,USE_FINGERPRINT,WAKE_LOCK,CAMERA,READ_GSERVICES,ACCESS_COARSE_LOCATION,ACCESS_FINE_LOCATION,ACCESS_WIFI_STATE,WRITE_INERNAL_STORAGE,READ_INTERNAL_STORAGE,USE_CREDENTIALS,GET_ACCOUNTS,MANAGE_ACCOUNTS,FOREGROUND_SERVICE,RECEIVE,USE_BIOMETRIC,BIND_GET_INSTALL_REFERRER_SERVICE

READ_PHONE_STATE,PROCESS_INCOMING_CALLS,WAKE_LOCK,WRITE_CONTACTS,READ_CONTACTS,MODIFY_AUDIO_SETTINGS,CALL_PHONE,INTERNET,ACCESS_NETWORK_STATE,ACCESS_WIFI_STATE,READ_CALL_LOG,ACCESS_FINE_LOCATION,ACCESS_COARSE_LOCATION,FOREGROUND_SERVICE,RECEIVE_BOOT_COMPLETED,ANSWER_PHONE_CALLS,SYSTEM_ALERT_WINDOW,ACCESS_NOTIFICATION_POLICY,BATTERY_STATS,BIND_GET_INSTALL_REFERRER_SERVICE,WRITE_EXTERNAL_STORAGE,READ_EXTERNAL_STORAGE,ACCESS_BACKGROUND_LOCATION,RECEIVE
READ_CONTACTS,GET_ACCOUNTS,ACTIVITY,INTERNET,ACCESS_NETWORK_STATE,ACCESS_WIFI_STATE,WAKE_LOCK,BLUETOOTH,BLUETOOTH_ADMIN,RECEIVE_BOOT_COMPLETED,VIBRATE,MODIFY_AUDIO_SETTINGS,BROADCAST_STICKY,REQUEST_IGNORE_BATTERY_OPTIMIZATIONS,SYSTEM_ALERT_WINDOW,FOREGROUND_SERVICE,STOP_APP_SWITCHES,CAMERA,FLASHLIGHT,RECORD_AUDIO,WRITE_EXTERNAL_STORAGE,READ_PHONE_STATE,ACCESS_COARSE_LOCATION,ACCESS_FINE_LOCATION,ACCESS_BACKGROUND_LOCATION,RECEIVE,READ_GSERVICES,C2D_MESSAGE,READ_EXTERNAL_STORAGE
READ_CONTACTS,WRITE_CONTACTS,GET_ACCOUNTS,GET_ACCOUNTS_PRIVILEGED,MANAGE_ACCOUNTS,ACCESS_NETWORK_STATE,CALL_PHONE,READ_PROFILE,WRITE_PROFILE,INTERNET,NFC,READ_PHONE_STATE,WAKE_LOCK,WRITE_SETTINGS,USE_CREDENTIALS,VIBRATE,READ_SYNC_SETTINGS,READ_EXTERNAL_STORAGE,INSTALL_SHORTCUT,WRITE_SYNC_SETTINGS,READ_SYNC_STATS,RECEIVE_BOOT_COMPLETED,READ_GSERVICES,RECEIVE,READ_GMAIL,GOOGLE_AUTH,FOREGROUND_SERVICE
INTERNET,ACCESS_NETWORK_STATE,VIBRATE,GET_ACCOUNTS,READ_CONTACTS,AUTHENTICATE_ACCOUNTS,USE_CREDENTIALS,BILLING,WAKE_LOCK,WRITE_EXTERNAL_STORAGE,READ_EXTERNAL_STORAGE,RECEIVE_BOOT_COMPLETED,USE_FINGERPRINT,CHANGE_WIFI_STATE,ACCESS_WIFI_STATE,BIND_GET_INSTALL_REFERRER_SERVICE,RECEIVE,READ,WRITE,READ_SETTINGS,UPDATE_SHORTCUT,BROADCAST_BADGE,PROVIDER_INSERT_BADGE,UPDATE_COUNT,UPDATE_BADGE,CHANGE_BADGE,READ_SETTINGS,WRITE_SETTINGS,READ_APP_BADGE,READ_SETTINGS,WRITE_SETTINGS,BADGE_COUNT_READ,BADGE_COUNT_WRITE
NFC,USE_FACE,FINGERPRINT_WEB_SIGNIN,IRIS_WEB_SIGNIN,INTELLIGENT_SCAN_WEB_SIGNIN,EASYSIGNIN,READ,WRITE,READ_PERSONA_MANAGER,READ_LANGUAGE,ACCESS_BIXBY_VISION_SERVICE,INTERNET,ACCESS_NETWORK_STATE,WRITE_MEDIA_STORAGE,GET_ACCOUNTS,INSTALL_SHORTCUT,SET_PREFERRED_APPLICATIONS,ACCESS_COARSE_LOCATION,ACCESS_FINE_LOCATION,AUTHENTICATE_ACCOUNTS,DEVICE_POWER,GET_ACCOUNTS_PRIVILEGED,MANAGE_ACCOUNTS,MANAGE_USERS,USE_CREDENTIALS,READ_SYNC_STATS,READ_SYNC_SETTINGS,WAKE_LOCK,WRITE_SYNC_SETTINGS,WRITE_SETTINGS,WRITE_SECURE_SETTINGS,SYSTEM_ALERT_WINDOW,REORDER_TASKS,ACCESS_WIFI_STATE,MANAGE_ROLE_HOLDERS,PACKAGE_USAGE_STATS,EVENT,SIDESYNC_URL,MDM_AUDIT_LOG,MDM_CERTIFICATE,MDM_FIREWALL,KNOX_CERTIFICATE,COM_WSSNPS,READ,WRITE,read,write,SOFT_RESET,ADVERTISE_ASSISTANTMENU,USE_FINGERPRINT,FINGERPRINT_PRIVILEGED,BIOMETRICS_PRIVILEGED,WRITE_USE_APP_FEATURE_SURVEY,TOKEN_72b3588973288bacf9f7ff71eef276ae144820b9f7c020b672eb4fab6eb2074ad8ca270639d317de30f53b636797f28ea5adee40ffea9bbdc78b0d8d767865a7aed9341f4b30925f95c8d53ee789f7c824ea5fe428e7d3ecb7d5aaa57ba4102684befe003be35ca421d02bcd6906540f67d78930c3db11bbd7460cb936e7e556,RECEIVE,READ_LOGS,READ_PRIVILEGED_PHONE_STATE,DIAGMON,CHANGE_WIFI_MULTICAST_STATE,CONFIGURE_WIFI_DISPLAY,INTERACT_ACROSS_USERS_FULL,ALLSHARE_CAST_SERVICE,MANAGE_IRIS,RESET_IRIS_LOCKOUT,USE_IRIS,WRITE_EXTERNAL_STORAGE,DOWNLOAD_WITHOUT_NOTIFICATION,FOREGROUND_SERVICE,SSRM_NOTIFICATION_PERMISSION,STATUS_BAR,MANAGE_ACTIVITY_STACKS,LAUNCH_RUBIN_SETTING,REQUEST_INSTALL_PACKAGES,INSTALL_PACKAGES,READ_CAPABILITY,READ_SETTINGS,WRITE_SETTINGS,READ_CONTENT,READ_PHONE_STATE,ACCESS_PROVIDER,WRITE_CARD_DATA,BLUETOOTH,BLUETOOTH_ADMIN,MODIFY_THEME,RETAILMODE,INTERNAL_SYSTEM_WINDOW,CAMERA,MODIFY_AUDIO_SETTINGS,RECEIVE_BOOT_COMPLETED,RECORD_AUDIO,VIBRATE,USE_PASS_SERVICE,MANAGE_PASS_SERVICE,ACCESS,READ_EXTERNAL_STORAGE
EXPAND_STATUS_BAR,WAKE_LOCK,READ_SMS,WRITE_SMS,RECEIVE_SMS,RECEIVE_MMS,RECEIVE_WAP_PUSH,SEND_SMS,READ_CONTACTS,WRITE_CONTACTS,VIBRATE,GET_TASKS,ACCESS_NETWORK_STATE,ACCESS_WIFI_STATE,CHANGE_WIFI_STATE,BLUETOOTH,INTERNET,CHANGE_NETWORK_STATE,READ_PHONE_STATE,WRITE_EXTERNAL_STORAGE,CALL_PHONE,RECORD_AUDIO,SYSTEM_ALERT_WINDOW,RECEIVE_BOOT_COMPLETED,DISABLE_KEYGUARD,GET_ACCOUNTS,ACCESS_COARSE_LOCATION,BILLING,READ_SETTINGS,WRITE_SETTINGS,BROADCAST_BADGE,PROVIDER_INSERT_BADGE,WRITE_SETTINGS,READ_SETTINGS,UPDATE_SHORTCUT,READ,WRITE,CHANGE_BADGE,READ_SETTINGS,WRITE_SETTINGS,CAMERA,RECEIVE
INTERNET,ACCESS_NETWORK_STATE,READ_CONTACTS,CHANGE_NETWORK_STATE,WAKE_LOCK,WRITE_EXTERNAL_STORAGE,ACCESS_FINE_LOCATION,ACCESS_WIFI_STATE,ACCESS_COARSE_LOCATION,FOREGROUND_SERVICE,CALL_PHONE,READ_PHONE_STATE,RECEIVE_BOOT_COMPLETED,READ_CALL_LOG,ANSWER_PHONE_CALLS,WRITE_CONTACTS,SYSTEM_ALERT_WINDOW,ACCESS_NOTIFICATION_POLICY,BATTERY_STATS,BIND_GET_INSTALL_REFERRER_SERVICE,READ_EXTERNAL_STORAGE,ACCESS_BACKGROUND_LOCATION,RECEIVE
INTERNET,ACCESS_NETWORK_STATE,RECEIVE_BOOT_COMPLETED,READ_PHONE_STATE,ACCESS_WIFI_STATE,WAKE_LOCK,WRITE_EXTERNAL_STORAGE,READ_EXTERNAL_STORAGE,CHANGE_WIFI_STATE,KILL_BACKGROUND_PROCESSES,CAMERA,RECEIVE,C2D_MESSAGE,VIBRATE,READ,WRITE,READ_SETTINGS,UPDATE_SHORTCUT,BROADCAST_BADGE,PROVIDER_INSERT_BADGE,UPDATE_COUNT,UPDATE_BADGE,CHANGE_BADGE,READ_SETTINGS,WRITE_SETTINGS,READ_APP_BADGE,READ_SETTINGS,WRITE_SETTINGS,BADGE_COUNT_READ,BADGE_COUNT_WRITE,BIND_GET_INSTALL_REFERRER_SERVICE
USE_FINGERPRINT,ACCESS_SECRETS,READ_PROFILE,WRITE_PROFILE,BROADCAST_WAP_PUSH,READ_CONTACTS,WRITE_CONTACTS,ACCESS_NOTIFICATION_POLICY,RECEIVE_SMS,RECEIVE_MMS,READ_SMS,SEND_SMS,WRITE_SMS,READ_PHONE_STATE,WRITE_EXTERNAL_STORAGE,CAMERA,ACCESS_COARSE_LOCATION,ACCESS_FINE_LOCATION,RECORD_AUDIO,MODIFY_AUDIO_SETTINGS,READ_CALL_STATE,WRITE_CALENDAR,READ_CALENDAR,RECEIVE_BOOT_COMPLETED,VIBRATE,ACCESS_NETWORK_STATE,CHANGE_NETWORK_STATE,WAKE_LOCK,INTERNET,FOREGROUND_SERVICE,GET_ACCOUNTS,RECEIVE,READ_SYNC_SETTINGS,WRITE_SYNC_SETTINGS,AUTHENTICATE_ACCOUNTS,USE_CREDENTIALS,INSTALL_SHORTCUT,INSTALL_SHORTCUT,ACCESS_WIFI_STATE,CHANGE_WIFI_STATE,SET_WALLPAPER,BLUETOOTH,BROADCAST_STICKY,CALL_PHONE,DISABLE_KEYGUARD,RAISED_THREAD_PRIORITY,REQUEST_IGNORE_BATTERY_OPTIMIZATIONS,USE_FULL_SCREEN_INTENT,READ_EXTERNAL_STORAGE,READ,WRITE,READ_SETTINGS,UPDATE_SHORTCUT,BROADCAST_BADGE,PROVIDER_INSERT_BADGE,UPDATE_COUNT,UPDATE_BADGE,CHANGE_BADGE,READ_SETTINGS,WRITE_SETTINGS,READ_APP_BADGE,READ_SETTINGS,WRITE_SETTINGS,BADGE_COUNT_READ,BADGE_COUNT_WRITE
DISABLE_KEYGUARD,READ_PHONE_STATE,MODIFY_PHONE_STATE,CALL_PHONE,MANAGE_OWN_CALLS,INTERNET,READ_CONTACTS,PROCESS_OUTGOING_CALLS,VIBRATE,WRITE_CONTACTS,ACCESS_FINE_LOCATION,ACCESS_COARSE_LOCATION,MODIFY_AUDIO_SETTINGS,WRITE_EXTERNAL_STORAGE,READ_EXTERNAL_STORAGE,WRITE_INTERNAL_STORAGE,READ_INTERNAL_STORAGE,ACCESS_NETWORK_STATE,READ_SMS,AUTHENTICATE_ACCOUNTS,GET_ACCOUNTS,MANAGE_ACCOUNTS,USE_CREDENTIALS,READ_SYNC_SETTINGS,WRITE_SYNC_SETTINGS,READ_SYNC_STATS,WAKE_LOCK,INSTALL_SHORTCUT,RECEIVE_BOOT_COMPLETED,RECEIVE_SMS,READ_PROFILE,SEND_SMS,READ_CALL_LOG,WRITE_CALL_LOG,SYSTEM_ALERT_WINDOW,BLUETOOTH,BILLING,CAPTURE_AUDIO_OUTPUT,RECORD_AUDIO,STORAGE,READ_CALENDAR,WRITE_CALENDAR,BROADCAST_STICKY,ACCESS_WIFI_STATE,PACKAGE_USAGE_STATS,WRITE_SETTINGS,REQUEST_IGNORE_BATTERY_OPTIMIZATIONS,FOREGROUND_SERVICE,MAPS_RECEIVE,READ_GSERVICES,BIND_GET_INSTALL_REFERRER_SERVICE,RECEIVE
RECEIVE,MAPS_RECEIVE,READ_GSERVICES,ACCESS_COARSE_LOCATION,ACCESS_FINE_LOCATION,CALL_PHONE,FOREGROUND_SERVICE,READ_CALL_LOG,INTERNET,RECORD_AUDIO,MODIFY_AUDIO_SETTINGS,ACCESS_NETWORK_STATE,ACCESS_WIFI_STATE,WAKE_LOCK,READ_EXTERNAL_STORAGE,GET_ACCOUNTS,READ_CONTACTS,WRITE_CONTACTS,MANAGE_ACCOUNTS,READ_PROFILE,WRITE_SYNC_SETTINGS,READ_SYNC_SETTINGS,AUTHENTICATE_ACCOUNTS,VIBRATE,SYSTEM_ALERT_WINDOW,READ_PHONE_STATE,RECEIVE_BOOT_COMPLETED,USE_FINGERPRINT,USE_BIOMETRIC,INSTALL_SHORTCUT,INSTALL_SHORTCUT,UNINSTALL_SHORTCUT,CAMERA,BLUETOOTH,MANAGE_OWN_CALLS,READ,WRITE,READ_SETTINGS,UPDATE_SHORTCUT,BROADCAST_BADGE,PROVIDER_INSERT_BADGE,UPDATE_COUNT,UPDATE_BADGE,CHANGE_BADGE,READ_SETTINGS,WRITE_SETTINGS,READ_APP_BADGE,READ_SETTINGS,WRITE_SETTINGS,BADGE_COUNT_READ,BADGE_COUNT_WRITE,WRITE_EXTERNAL_STORAGE,REQUEST_INSTALL_PACKAGES
CHANGE_NETWORK_STATE,CHANGE_WIFI_STATE,ACCESS_NETWORK_STATE,INTERNET,ACCESS_WIFI_STATE,BILLING,FOREGROUND_SERVICE
INTERNET,SYSTEM_ALERT_WINDOW,READ_PROFILE,READ_CONTACTS,WRITE_CONTACTS,ACCESS_COARSE_LOCATION,ACCESS_FINE_LOCATION,CALL_PHONE,RECORD_AUDIO,USE_SIP,MODIFY_AUDIO_SETTINGS,READ_EXTERNAL_STORAGE,WRITE_EXTERNAL_STORAGE,WAKE_LOCK,ACCESS_NETWORK_STATE,BILLING,C2D_MESSAGE,RECEIVE,VIBRATE,RECEIVE_BOOT_COMPLETED,READ,WRITE,READ_SETTINGS,UPDATE_SHORTCUT,BROADCAST_BADGE,PROVIDER_INSERT_BADGE,UPDATE_COUNT,UPDATE_BADGE,CHANGE_BADGE,READ_SETTINGS,WRITE_SETTINGS,READ_APP_BADGE,READ_SETTINGS,WRITE_SETTINGS,BADGE_COUNT_READ,BADGE_COUNT_WRITE,BIND_GET_INSTALL_REFERRER_SERVICE
READ_EXTERNAL_STORAGE
CONTENT_PROVIDER,INTERNET,ACCESS_NETWORK_STATE,ACCESS_FINE_LOCATION,ACCESS_COARSE_LOCATION,GET_ACCOUNTS,MANAGE_ACCOUNTS,AUTHENTICATE_ACCOUNTS,READ_SYNC_SETTINGS,WRITE_SYNC_SETTINGS,USE_CREDENTIALS,FOREGROUND_SERVICE,READ_CONTACTS,RECEIVE,WRITE_EXTERNAL_STORAGE,READ_EXTERNAL_STORAGE,VIBRATE,INSTALL_SHORTCUT,BILLING,CAMERA,READ_PHONE_STATE,REQUEST_INSTALL_PACKAGES,DOWNLOAD_WITHOUT_NOTIFICATION,WAKE_LOCK,BIND_GET_INSTALL_REFERRER_SERVICE,SYSTEM_UI_VISIBILITY_EXTENSION
BILLING,RECORD_AUDIO,INTERNET,MODIFY_AUDIO_SETTINGS,ACCESS_WIFI_STATE,ACCESS_NETWORK_STATE,RECEIVE_BOOT_COMPLETED,READ_CONTACTS,WRITE_CONTACTS,ACCESS_FINE_LOCATION,ACCESS_COARSE_LOCATION,WAKE_LOCK,DISABLE_KEYGUARD,VIBRATE,BLUETOOTH,WRITE_EXTERNAL_STORAGE,RAISED_THREAD_PRIORITY,MANAGE_ACCOUNTS,AUTHENTICATE_ACCOUNTS,GET_ACCOUNTS,USE_CREDENTIALS,READ_SYNC_SETTINGS,WRITE_SYNC_SETTINGS,CAMERA,ACCESS_NOTIFICATION_POLICY,READ_PHONE_STATE,FOREGROUND_SERVICE,MANAGE_OWN_CALLS,RECEIVE,BIND_GET_INSTALL_REFERRER_SERVICE
INTERNET,ACCESS_WIFI_STATE,ACCESS_NETWORK_STATE,READ_CONTACTS,WRITE_CONTACTS,READ_PHONE_STATE,READ_CALL_LOG,CALL_PHONE,VIBRATE,WRITE_EXTERNAL_STORAGE,MODIFY_AUDIO_SETTINGS,WAKE_LOCK,BLUETOOTH,BLUETOOTH_ADMIN,RECORD_AUDIO,DISABLE_KEYGUARD,CHANGE_NETWORK_STATE,WRITE_SETTINGS,GET_TASKS,KILL_BACKGROUND_PROCESSES,SET_WALLPAPER,AUTHENTICATE_ACCOUNTS,GET_ACCOUNTS,MANAGE_ACCOUNTS,READ_SYNC_SETTINGS,WRITE_SYNC_SETTINGS,READ_SYNC_STATS,CAMERA,ACCESS_COARSE_LOCATION,BROADCAST_STICKY,RECEIVE_BOOT_COMPLETED,BILLING,SYSTEM_ALERT_WINDOW,USE_CREDENTIALS,READ_SOCIAL_STREAM,WRITE_SOCIAL_STREAM,MANAGE_OWN_CALLS,READ_GSERVICES,ACCESS_FINE_LOCATION,CHANGE_BADGE,WRITE_SETTINGS,PROVIDER_INSERT_BADGE,FOREGROUND_SERVICE,USE_FULL_SCREEN_INTENT,READ_MEDIA_AUDIO,READ_MEDIA_IMAGES,READ_MEDIA_VIDEO,RECEIVE,BIND_GET_INSTALL_REFERRER_SERVICE,READ,WRITE,READ_SETTINGS,UPDATE_SHORTCUT,BROADCAST_BADGE,UPDATE_COUNT,UPDATE_BADGE,READ_SETTINGS,READ_APP_BADGE,READ_SETTINGS,WRITE_SETTINGS,BADGE_COUNT_READ,BADGE_COUNT_WRITE,READ_EXTERNAL_STORAGE,CHANGE_WIFI_STATE
ACCESS_FINE_LOCATION,ACCESS_NETWORK_STATE,ACCESS_WIFI_STATE,BLUETOOTH,CHANGE_WIFI_MULTICAST_STATE,CAMERA,INTERNET,MODIFY_AUDIO_SETTINGS,NFC,RECORD_AUDIO,SYSTEM_ALERT_WINDOW,VIBRATE,WAKE_LOCK,WRITE_EXTERNAL_STORAGE,READ_HISTORY_BOOKMARKS,INSTALL_SHORTCUT,RECEIVE,C2D_MESSAGE,PRIVATE_PROVIDERS,GET_PREINSTALL_DATA,RECEIVE_BOOT_COMPLETED,AUTHENTICATE_ACCOUNTS,READ_SYNC_SETTINGS,WRITE_SYNC_SETTINGS,FLASHLIGHT,BIND_GET_INSTALL_REFERRER_SERVICE,READ_EXTERNAL_STORAGE
INTERNET,CHANGE_NETWORK_STATE,ACCESS_NETWORK_STATE,ACCESS_WIFI_STATE,CHANGE_WIFI_STATE,ACCESS_FINE_LOCATION,ACCESS_COARSE_LOCATION,CAMERA,WRITE_EXTERNAL_STORAGE,READ_CONTACTS,READ_PROFILE,READ_PHONE_STATE,WAKE_LOCK,MODIFY_AUDIO_SETTINGS,RECORD_AUDIO,VIBRATE,BLUETOOTH,C2D_MESSAGE,RECEIVE,RECEIVE_BOOT_COMPLETED,ACTIVITY_RECOGNITION,AUTHENTICATE_ACCOUNTS,BROADCAST_STICKY,CALL_PHONE,DISABLE_KEYGUARD,GET_ACCOUNTS,GET_TASKS,MANAGE_ACCOUNTS,READ_SYNC_SETTINGS,READ_SYNC_STATS,USE_CREDENTIALS,WRITE_CONTACTS,WRITE_SETTINGS,WRITE_SYNC_SETTINGS,UPDATE_COUNT,READ_SETTINGS,UPDATE_SHORTCUT,UPDATE_BADGE,READ,WRITE,BROADCAST_BADGE,FOREGROUND_SERVICE,RECEIVE,RECEIVE_ADM_MESSAGE,ACCOUNT,USE_FULL_SCREEN_INTENT,READ_EXTERNAL_STORAGE,DOWNLOAD_WITHOUT_NOTIFICATION,CHANGE_BADGE,USE_FINGERPRINT,SYSTEM_ALERT_WINDOW,BIND_GET_INSTALL_REFERRER_SERVICE,REQUEST_INSTALL_PACKAGES
ACCESS_NETWORK_STATE,GET_ACCOUNTS,GET_PACKAGE_SIZE,READ_GSERVICES,INTERNET,USE_CREDENTIALS,CHANGE_WIFI_STATE,ACCESS_WIFI_STATE,BLUETOOTH,BLUETOOTH_ADMIN,CAMERA,MANAGE_ACCOUNTS,SET_ALARM,ACCESS_COARSE_LOCATION,WAKE_LOCK,RECEIVE,C2D_MESSAGE
FOREGROUND_SERVICE,ACCESS,BIND_NOTIFICATION_LISTENER_SERVICE,RAISED_THREAD_PRIORITY,DUMP,BIND_TELECOM_CONNECTION_SERVICE,READ_EXTERNAL_STORAGE,GET_TASKS,RECORD_AUDIO,MAPS_RECEIVE,READ_GSERVICES,RECEIVE_BOOT_COMPLETED,CALL_PHONE,READ_CONTACTS,READ_PROFILE,INTERNET,ACCESS_GPS,ACCESS_LOCATION,ACCESS_COARSE_LOCATION,ACCESS_ASSISTED_GPS,ACCESS_FINE_LOCATION,ACCESS_BACKGROUND_LOCATION,ACCESS_MOCK_LOCATION,READ_PHONE_STATE,ACCESS_LOCATION_EXTRA_COMMANDS,ACCESS_COARSE_UPDATES,ACCESS_WIFI_STATE,CHANGE_WIFI_STATE,WRITE_CONTACTS,RECEIVE_SMS,RECEIVE_MMS,SEND_SMS,VIBRATE,READ_SMS,WRITE_SMS,WRITE_INTERNAL_STORAGE,ACCESS_NETWORK_STATE,CHANGE_NETWORK_STATE,WAKE_LOCK,INSTALL_DRM,RECEIVE_WAP_PUSH,UNINSTALL_SHORTCUT,INSTALL_SHORTCUT,WRITE_EXTERNAL_STORAGE,WRITE_SETTINGS,APNPERMISSION,GET_ACCOUNTS,MANAGE_ACCOUNTS,AUTHENTICATE_ACCOUNTS,READ_SYNC_SETTINGS,WRITE_SYNC_SETTINGS,WRITE_APN_SETTINGS,SET_ALARM,BLUETOOTH,BLUETOOTH_ADMIN,UPDATE_SHORTCUT,READ,WRITE,PROVIDER_INSERT_BADGE,SET_DYNAMIC_ICON,READ_BADGE,WRITE_BADGE,CHANGE_BADGE,CAMERA,FLASHLIGHT,MODIFY_AUDIO_SETTINGS,BROADCAST_STICKY,REQUEST_IGNORE_BATTERY_OPTIMIZATIONS,RECEIVE,USE_FULL_SCREEN_INTENT,BILLING,READ_PHONE_NUMBERS,ACCESS_BEAM,DISABLE_KEYGUARD,READ_SYNC_STATS,SYSTEM_ALERT_WINDOW,CHANGE_WIFI_MULTICAST_STATE
INTERNET,ACCESS_NETWORK_STATE,ACCESS_WIFI_STATE,READ_EXTERNAL_STORAGE,WRITE_EXTERNAL_STORAGE,WRITE_USE_APP_FEATURE_SURVEY,SYSTEM_ALERT_WINDOW,RECEIVE_BOOT_COMPLETED,GET_TASKS,PACKAGE_USAGE_STATS,VIBRATE,WAKE_LOCK,FOREGROUND_SERVICE,CAMERA,C2D_MESSAGE,RECEIVE,READ,WRITE,READ_SETTINGS,UPDATE_SHORTCUT,BROADCAST_BADGE,PROVIDER_INSERT_BADGE,UPDATE_COUNT,UPDATE_BADGE,CHANGE_BADGE,READ_SETTINGS,WRITE_SETTINGS,READ_APP_BADGE,READ_SETTINGS,WRITE_SETTINGS,BADGE_COUNT_READ,BADGE_COUNT_WRITE,BIND_GET_INSTALL_REFERRER_SERVICE,READ_PHONE_STATE
ACCESS_NETWORK_STATE,BLUETOOTH,BROADCAST_STICKY,INTERNET,GET_ACCOUNTS,READ_EXTERNAL_STORAGE,WRITE_EXTERNAL_STORAGE,CAMERA,FOREGROUND_SERVICE,RECORD_AUDIO,MODIFY_AUDIO_SETTINGS,PACKAGE_USAGE_STATS,VIBRATE,WAKE_LOCK,USE_FULL_SCREEN_INTENT,SYSTEM_ALERT_WINDOW,RECEIVE,BIND_GET_INSTALL_REFERRER_SERVICE,RECEIVE_BOOT_COMPLETED
RECEIVE_BOOT_COMPLETED,CALL_PHONE,READ_CONTACTS,WRITE_CONTACTS,READ_PROFILE,RECEIVE_SMS,RECEIVE_MMS,SEND_SMS,VIBRATE,INTERNET,READ_SMS,WRITE_SMS,ACCESS_WIFI_STATE,ACCESS_NETWORK_STATE,CHANGE_WIFI_STATE,CHANGE_NETWORK_STATE,READ_PHONE_STATE,WAKE_LOCK,READ_EXTERNAL_STORAGE,WRITE_EXTERNAL_STORAGE,INSTALL_DRM,WRITE_APN_SETTINGS,WRITE_SETTINGS,MMS_SEND_OUTBOX_MSG,GET_TASKS,SYSTEM_ALERT_WINDOW,SYSTEM_OVERLAY_WINDOW,GLOBAL_SEARCH,READ_HISTORY_BOOKMARKS,CAMERA,ACCESS_COARSE_LOCATION,ACCESS_FINE_LOCATION,MODIFY_AUDIO_SETTINGS,RECORD_AUDIO,BILLING,RESTART_PACKAGES,INSTALL_SHORTCUT,RECEIVE_WAP_PUSH,KILL_BACKGROUND_PROCESSES,ACTIVITY_RECOGNITION,GET_ACCOUNTS,BLUETOOTH,BLUETOOTH_ADMIN,NFC,PACKAGE_USAGE_STATS,FLASHLIGHT,DISABLE_KEYGUARD,READ_SETTINGS,UNINSTALL_SHORTCUT,READ_LOGS,FOREGROUND_SERVICE,REORDER_TASKS,BIND_GET_INSTALL_REFERRER_SERVICE,RECEIVE,SET_ALARM
READ_CALL_LOG,WRITE_CALL_LOG,CAMERA,READ_PHONE_STATE,CALL_PHONE,ANSWER_PHONE_CALLS,PROCESS_OUTGOING_CALLS,CALL_PRIVILEGED,MODIFY_PHONE_STATE,WRITE_CONTACTS,READ_CONTACTS,GET_ACCOUNTS,READ_PROFILE,ACCESS_COARSE_LOCATION,ACCESS_FINE_LOCATION,ACCESS_NETWORK_STATE,INTERNET,ACCESS_WIFI_STATE,CHANGE_NETWORK_STATE,WRITE_EXTERNAL_STORAGE,READ_EXTERNAL_STORAGE,AUTHENTICATE_ACCOUNTS,MANAGE_ACCOUNTS,USE_CREDENTIALS,INSTALL_SHORTCUT,RECEIVE_SMS,READ_SMS,SEND_SMS,WRITE_SMS,RECEIVE_MMS,MMS_SEND_OUTBOX_MSG,ADD_VOICEMAIL,WRITE_VOICEMAIL,READ_VOICEMAIL,ALLOW_ANY_CODEC_FOR_PLAYBACK,ACCESS_NOTIFICATION_POLICY,FOREGROUND_SERVICE,BIND_NOTIFICATION_LISTENER_SERVICE,DISABLE_KEYGUARD,MODIFY_AUDIO_SETTINGS,RECEIVE_BOOT_COMPLETED,REQUEST_IGNORE_BATTERY_OPTIMIZATIONS,SYSTEM_ALERT_WINDOW,VIBRATE,WAKE_LOCK,WRITE_SETTINGS,BILLING,USE_NUMBER_SERVICE,ENHANCED_NOTIFICATION,READ_GSERVICES,SDK_ACTION_HANDLER,ACTION_HANDLER,READ,WRITE,READ_SETTINGS,UPDATE_SHORTCUT,BROADCAST_BADGE,PROVIDER_INSERT_BADGE,UPDATE_COUNT,UPDATE_BADGE,CHANGE_BADGE,READ_SETTINGS,WRITE_SETTINGS,READ_APP_BADGE,READ_SETTINGS,WRITE_SETTINGS,BADGE_COUNT_READ,BADGE_COUNT_WRITE,RECORD_AUDIO,BLUETOOTH,USE_FULL_SCREEN_INTENT,EDIT_PROFILE,read_account_state,RECEIVE,BIND_GET_INSTALL_REFERRER_SERVICE
INTERNET,ACCESS_NETWORK_STATE,ACCESS_WIFI_STATE,WAKE_LOCK,VIBRATE,READ_CONTACTS,WRITE_CONTACTS,MANAGE_OVERLAY_PERMISSION,SYSTEM_ALERT_WINDOW,RECORD_AUDIO,USE_SIP,MODIFY_AUDIO_SETTINGS,FOREGROUND_SERVICE,READ_CALL_LOG,WRITE_CALL_LOG,PROCESS_OUTGOING_CALLS,READ_PHONE_STATE,BILLING,BLUETOOTH,BLUETOOTH_ADMIN,RECEIVE_BOOT_COMPLETED,ACCESS_NOTIFICATION_POLICY,BIND_GET_INSTALL_REFERRER_SERVICE,WRITE_EXTERNAL_STORAGE,READ_EXTERNAL_STORAGE,RECEIVE
BLUETOOTH,BLUETOOTH_ADMIN,ACCESS_COARSE_LOCATION,ACCESS_FINE_LOCATION,FOREGROUND_SERVICE,VIBRATE,BILLING,INTERNET,ACCESS_NETWORK_STATE,WRITE_EXTERNAL_STORAGE
ACCESS_COARSE_LOCATION,ACCESS_NETWORK_STATE,ACCESS_WIFI_STATE,CAMERA,CHANGE_WIFI_STATE,DISABLE_KEYGUARD,GET_ACCOUNTS,INTERNET,MODIFY_AUDIO_SETTINGS,READ_CALL_LOG,READ_CONTACTS,WRITE_CONTACTS,READ_PHONE_STATE,READ_PROFILE,RECEIVE_BOOT_COMPLETED,RECORD_AUDIO,VIBRATE,WAKE_LOCK,WRITE_EXTERNAL_STORAGE,BLUETOOTH,AUTHENTICATE_ACCOUNTS,MANAGE_ACCOUNTS,READ_SYNC_SETTINGS,WRITE_SYNC_SETTINGS,GET_SETTINGS,INSTALL_SHORTCUT,REQUEST_INSTALL_PACKAGES,CALL_PHONE,ACCESS_FINE_LOCATION,USE_FULL_SCREEN_INTENT,FOREGROUND_SERVICE,DOWNLOAD_WITHOUT_NOTIFICATION,RECEIVE,BIND_GET_INSTALL_REFERRER_SERVICE,READ,WRITE,READ_SETTINGS,UPDATE_SHORTCUT,BROADCAST_BADGE,PROVIDER_INSERT_BADGE,UPDATE_COUNT,UPDATE_BADGE,CHANGE_BADGE,READ_SETTINGS,WRITE_SETTINGS,READ_APP_BADGE,READ_SETTINGS,WRITE_SETTINGS,BADGE_COUNT_READ,BADGE_COUNT_WRITE
ANT,ANTRADIO,VIBRATE,INTERNET,WRITE_SETTINGS,BLUETOOTH,BLUETOOTH_ADMIN
CONNECT_TO_DOORBOT_NETWORK,DOORBOT_APP,WRITE_EXTERNAL_STORAGE,ACCESS_COARSE_LOCATION,ACCESS_FINE_LOCATION,ACCESS_WIFI_STATE,INTERNET,ACCESS_NETWORK_STATE,RECEIVE_BOOT_COMPLETED,VIBRATE,WRITE_CONTACTS,READ_CONTACTS,MODIFY_AUDIO_SETTINGS,RECORD_AUDIO,WAKE_LOCK,BLUETOOTH,BLUETOOTH_ADMIN,BLUETOOTH_PRIVILEGED,BROADCAST_STICKY,CAMERA,GET_ACCOUNTS,RECEIVE,C2D_MESSAGE,CHANGE_WIFI_STATE,WRITE_SETTINGS,READ_LOGS,DOWNLOAD_WITHOUT_NOTIFICATION,FOREGROUND_SERVICE,READ_EXTERNAL_STORAGE,BIND_GET_INSTALL_REFERRER_SERVICE
ACCESS_NETWORK_STATE,BLUETOOTH,CALL_PHONE,CAMERA,FOREGROUND_SERVICE,GET_ACCOUNTS,GET_PACKAGE_SIZE,INTERNET,MANAGE_ACCOUNTS,MANAGE_OWN_CALLS,MODIFY_AUDIO_SETTINGS,PROCESS_OUTGOING_CALLS,READ_CONTACTS,READ_PHONE_STATE,RECEIVE_BOOT_COMPLETED,RECORD_AUDIO,VIBRATE,WAKE_LOCK,WRITE_CONTACTS,WRITE_EXTERNAL_STORAGE,C2D_MESSAGE,RECEIVE,READ_GSERVICES
INTERNET,NFC,READ_EXTERNAL_STORAGE,WRITE_EXTERNAL_STORAGE,ACCESS_NETWORK_STATE,ACCESS_WIFI_STATE,ACCESS_COARSE_LOCATION,VIBRATE,BILLING,FOREGROUND_SERVICE,WAKE_LOCK
C2D_MESSAGE,INTERNET,ACCESS_NETWORK_STATE,ACCESS_FINE_LOCATION,ACCESS_COARSE_LOCATION,READ_GSERVICES,WAKE_LOCK,RECEIVE,RECEIVE_BOOT_COMPLETED,READ_PHONE_STATE,CALL_PHONE,GET_TASKS,ACCESS_WIFI_STATE,CHANGE_WIFI_STATE,ACTIVITY_RECOGNITION,USE_FINGERPRINT,USE_BIOMETRIC,C2D_MESSAGE,PERMISSION,READ_EXTERNAL_STORAGE,READ,WRITE,READ_SETTINGS,UPDATE_SHORTCUT,BROADCAST_BADGE,PROVIDER_INSERT_BADGE,UPDATE_COUNT,UPDATE_BADGE,CHANGE_BADGE,READ_SETTINGS,WRITE_SETTINGS,READ_APP_BADGE,READ_SETTINGS,WRITE_SETTINGS,BADGE_COUNT_READ,BADGE_COUNT_WRITE,VIBRATE,BIND_GET_INSTALL_REFERRER_SERVICE
ACCESS_NETWORK_STATE,INTERNET,C2D_MESSAGE,RECEIVE,WAKE_LOCK,VIBRATE,RECEIVE_BOOT_COMPLETED,READ,WRITE,READ_SETTINGS,UPDATE_SHORTCUT,BROADCAST_BADGE,PROVIDER_INSERT_BADGE,UPDATE_COUNT,UPDATE_BADGE,CHANGE_BADGE,READ_SETTINGS,WRITE_SETTINGS,READ_APP_BADGE,READ_SETTINGS,WRITE_SETTINGS,BADGE_COUNT_READ,BADGE_COUNT_WRITE,BIND_GET_INSTALL_REFERRER_SERVICE
